pcode,p_long_dry,p_failed,mean_spell,window_rain,deficit,area_km2,cropland_km2,crop_1km_water_km2,crop_5km_water_km2,crop_1km_river_km2,crop_flat_km2,population,cropland_share,crop_1km_water_share,crop_5km_water_share,crop_1km_river_share,crop_flat_share,gw_yield_1ls,surface_access,need,water_score,water_source,group,district,region,gmia_equipped_ha,gmia_groundwater_ha
UG1001,0.0571,0.0857,7.3571,466.8454,53.073,1453.1739,35.6939,2.2846,9.3908,0.7746,11.4687,424903.5695,0.0246,0.064,0.2631,0.0217,0.3213,0.0556,0.064,40.4,0.64,neither,"lower need, harder access",Buikwe,Central,523.8019,5.238
UG1002,0.0714,0.0286,8.2857,374.6881,98.0943,599.8269,57.093,0.0,0.0,5.493,14.8697,135393.3345,0.0952,0.0,0.0,0.0962,0.2604,1.0,0.0962,44.4,2.0,groundwater,"lower need, water within reach",Bukomansimbi,Central,,
UG1003,0.0571,0.0429,7.0429,415.5511,82.6929,405.5863,21.615,0.0,0.0,2.7713,9.1087,93100.1989,0.0533,0.0,0.0,0.1282,0.4214,0.3333,0.1282,41.4667,1.2821,surface water,"lower need, water within reach",Butambala,Central,,
UG1004,0.0714,0.0571,7.5714,477.2857,71.309,9619.4993,3.8639,2.811,3.8639,0.0894,1.6886,112137.1593,0.0004,0.7275,1.0,0.0231,0.437,0.0,0.7275,,7.2751,surface water,too little cropland mapped,Buvuma,Central,,
UG1005,0.0429,0.0,7.1143,378.0342,113.8232,1670.5593,128.0943,1.6389,8.5902,6.4862,38.2124,150980.3052,0.0767,0.0128,0.0671,0.0506,0.2983,0.96,0.0506,33.7333,1.92,groundwater,"lower need, water within reach",Gomba,Central,,
UG1006,0.0286,0.0571,5.8571,618.6715,,9051.1953,0.4569,0.3576,0.4569,0.0199,0.1887,57212.878,0.0001,0.7826,1.0,0.0435,0.413,0.0,0.7826,,7.8261,surface water,too little cropland mapped,Kalangala,Central,,
UG1007,0.0429,0.0143,7.7571,402.6748,85.417,837.1676,102.3494,2.2548,16.6132,5.7711,43.4672,168938.4236,0.1223,0.022,0.1623,0.0564,0.4247,1.0,0.0564,28.8,2.0,groundwater,"lower need, water within reach",Kalungu,Central,,
UG1008,0.0571,0.1,7.0429,416.1771,51.334,195.2778,0.5532,0.0993,0.3775,0.0099,0.2452,1468968.8576,0.0028,0.1796,0.6823,0.018,0.4433,0.8,0.1796,,1.7957,both,too little cropland mapped,Kampala,Central,,
UG1009,0.0286,0.0286,6.3714,373.1855,112.8118,1918.63,252.5807,0.1788,22.4682,17.8002,71.123,301078.8108,0.1316,0.0007,0.089,0.0705,0.2816,1.0,0.0705,39.3333,2.0,groundwater,"lower need, water within reach",Kassanda,Central,,
UG1010,0.0571,0.0286,7.2571,429.5751,101.8187,1778.9826,182.575,15.9289,109.5187,3.4064,175.0966,361903.7164,0.1026,0.0872,0.5999,0.0187,0.959,0.8478,0.0872,43.6,1.6957,groundwater,"lower need, water within reach",Kayunga,Central,120.5104,1.2051
UG1011,0.0286,0.0429,6.5571,415.9546,98.007,1573.9145,47.2513,0.0397,4.9561,2.9972,26.2592,148828.7725,0.03,0.0008,0.1049,0.0634,0.5557,1.0,0.0634,40.6667,2.0,groundwater,"lower need, water within reach",Kiboga,Central,,
UG1012,0.0429,0.0286,7.0143,389.8008,97.3429,2463.9915,367.6101,0.0,0.0,31.7127,263.2806,245773.6985,0.1492,0.0,0.0,0.0863,0.7162,0.7468,0.0863,37.8667,1.4937,groundwater,"lower need, water within reach",Kyankwanzi,Central,,
UG1013,0.1,0.0286,7.5857,497.9408,84.0941,2448.6078,102.8673,0.0099,0.5661,9.7733,63.5964,232534.6935,0.042,0.0001,0.0055,0.095,0.6182,1.0,0.095,45.8667,2.0,groundwater,"lower need, water within reach",Kyotera,Central,,
UG1014,0.0571,0.0286,6.9571,432.4993,90.0253,2217.587,84.312,0.0,0.0,1.7021,70.8824,456225.3003,0.038,0.0,0.0,0.0202,0.8407,1.0,0.0202,39.3333,2.0,groundwater,"lower need, water within reach",Luwero,Central,,
UG1015,0.0857,0.0429,8.3,368.9257,131.4175,1024.3617,162.502,0.5753,6.3689,10.2566,34.677,252642.519,0.1586,0.0035,0.0392,0.0631,0.2134,1.0,0.0631,63.0667,2.0,groundwater,"high need, water within reach",Lwengo,Central,,
UG1016,0.1,0.0,8.6,321.729,169.9642,865.9608,41.5453,0.0,0.7709,4.9182,9.9853,97096.3837,0.048,0.0,0.0186,0.1184,0.2403,1.0,0.1184,54.2667,2.0,both,"high need, water within reach",Lyantonde,Central,,
UG1017,0.0429,0.0571,7.0857,517.7378,69.3062,2198.2117,85.4108,0.9635,17.5558,4.3932,35.6684,292087.3021,0.0389,0.0113,0.2055,0.0514,0.4176,1.0,0.0514,36.9333,2.0,groundwater,"lower need, water within reach",Masaka,Central,,
UG1018,0.0286,0.0286,6.1286,421.583,89.929,1583.379,27.2041,2.1058,5.0079,3.175,8.6407,316531.2616,0.0172,0.0774,0.1841,0.1167,0.3176,0.8864,0.1167,32.1333,1.7727,both,"lower need, water within reach",Mityana,Central,,
UG1019,0.0429,0.0571,6.8,448.6549,68.6998,1525.1406,38.8731,2.076,18.843,3.6256,18.7671,250225.2243,0.0255,0.0534,0.4847,0.0933,0.4828,0.2333,0.0933,36.6667,0.9327,neither,"lower need, harder access",Mpigi,Central,,
UG1020,0.0286,0.0,6.4857,390.2205,99.5819,2711.3695,506.317,0.5562,14.9982,21.1198,93.1484,452789.6005,0.1867,0.0011,0.0296,0.0417,0.184,1.0,0.0417,26.4,2.0,groundwater,"lower need, water within reach",Mubende,Central,126.9376,1.2694
UG1021,0.0286,0.0857,6.4714,477.9205,61.5003,2783.859,27.2135,1.1522,6.8193,2.2858,13.6345,613791.5106,0.0098,0.0423,0.2506,0.084,0.501,0.6102,0.084,35.6,1.2203,groundwater,"lower need, water within reach",Mukono,Central,80.3403,0.8034
UG1022,0.0571,0.0286,6.7857,411.3386,111.0775,3477.4427,102.3596,0.0993,3.0093,3.6448,96.48,203963.5084,0.0294,0.001,0.0294,0.0356,0.9426,0.8273,0.0356,46.0,1.6545,groundwater,"lower need, water within reach",Nakaseke,Central,,
UG1023,0.0714,0.0286,7.8429,380.39,123.9027,3511.0067,233.4671,18.6982,103.4317,4.7256,223.3361,187292.4565,0.0665,0.0801,0.443,0.0202,0.9566,0.3333,0.0801,51.8667,0.8009,neither,"high need, water hard to reach",Nakasongola,Central,,
UG1024,0.1,0.0286,8.8571,373.1274,122.5266,1591.7178,123.9041,16.9255,63.3997,15.4682,35.6063,270766.9631,0.0778,0.1366,0.5117,0.1248,0.2874,1.0,0.1366,57.3333,2.0,both,"high need, water within reach",Rakai,Central,,
UG1025,0.0429,0.0143,7.5286,345.3255,150.3312,2340.4058,126.4586,0.1192,2.7013,13.0574,32.1187,257613.2665,0.054,0.0009,0.0214,0.1033,0.254,1.0,0.1033,45.0667,2.0,both,"lower need, water within reach",Ssembabule,Central,,
UG1026,0.0,0.0857,6.1429,477.3123,72.1171,2808.8497,24.6155,1.5893,3.7646,4.2762,9.332,2562810.1504,0.0088,0.0646,0.1529,0.1737,0.3791,0.6667,0.1737,34.9333,1.7372,both,"lower need, water within reach",Wakiso,Central,,
UG2027,0.1286,0.0429,8.7857,465.9609,91.5717,1382.4583,215.1,2.5019,64.9152,7.8326,209.3576,192948.746,0.1556,0.0116,0.3018,0.0364,0.9733,0.0889,0.0364,59.8667,0.3641,neither,"high need, water hard to reach",Amuria,Eastern,,
UG2028,0.1286,0.0429,8.7,429.1627,92.5988,411.0395,168.6402,0.0,8.2308,3.8326,152.7137,221312.1755,0.4103,0.0,0.0488,0.0227,0.9056,0.7778,0.0227,60.4,1.5556,groundwater,"high need, water within reach",Budaka,Eastern,5.4589,0.0546
UG2029,0.1571,0.0429,9.4857,526.2203,,317.4025,0.1657,0.0,0.0,0.0,0.0099,235668.7105,0.0005,0.0,0.0,0.0,0.0599,0.6364,0.0,,1.2727,groundwater,too little cropland mapped,Bududa,Eastern,,
UG2030,0.1,0.0143,6.9,496.141,99.1524,1053.6356,159.4245,10.1004,67.9469,13.6725,141.6552,403186.9822,0.1513,0.0634,0.4262,0.0858,0.8885,0.0333,0.0858,45.6,0.8576,neither,"lower need, harder access",Bugiri,Eastern,100.871,1.0087
UG2031,0.0429,0.0143,7.0857,462.1104,109.3231,379.0738,50.6089,1.0926,21.1881,7.3437,39.8244,172785.8745,0.1335,0.0216,0.4187,0.1451,0.7869,0.0667,0.1451,36.5333,1.4511,surface water,"lower need, water within reach",Bugweri,Eastern,27.6872,0.2769
UG2032,0.1286,0.0286,8.5286,446.5286,81.8356,1050.0846,387.1548,0.6852,38.8969,11.3102,371.8277,210011.7706,0.3687,0.0018,0.1005,0.0292,0.9604,0.0303,0.0292,49.2,0.2921,neither,"high need, water hard to reach",Bukedea,Eastern,,
UG2033,0.2286,0.0286,10.6286,471.5068,65.1189,560.0775,141.4927,0.0,0.0,37.3573,23.0772,104662.2422,0.2526,0.0,0.0,0.264,0.1631,1.0,0.264,48.8,2.6402,both,"high need, water within reach",Bukwo,Eastern,,
UG2034,0.1429,0.0286,8.8571,488.7539,74.1229,693.7443,121.2577,0.0,5.8714,12.9405,111.965,203943.0901,0.1748,0.0,0.0484,0.1067,0.9234,0.9048,0.1067,48.4,1.8095,both,"lower need, water within reach",Bulambuli,Eastern,,
UG2035,0.0714,0.0571,6.6857,554.3747,83.7426,762.2704,117.0377,1.8683,17.7702,16.5018,94.8171,334726.2765,0.1535,0.016,0.1518,0.141,0.8101,0.0,0.141,49.3333,1.41,surface water,"high need, water within reach",Busia,Eastern,48.4191,0.4842
UG2036,0.0857,0.0286,7.8429,428.4494,105.1224,654.6689,251.979,3.198,79.4573,31.9498,225.2153,263717.3471,0.3849,0.0127,0.3153,0.1268,0.8938,0.7778,0.1268,50.0,1.5556,both,"high need, water within reach",Butaleja,Eastern,226.9704,2.2697
UG2037,0.0857,0.0429,8.6714,450.4205,83.8528,237.9143,138.3027,0.0,0.0,4.0156,125.7877,118522.779,0.5813,0.0,0.0,0.029,0.9095,0.1111,0.029,48.4,0.2904,neither,"lower need, harder access",Butebo,Eastern,,
UG2038,0.1143,0.0429,8.9429,428.4956,125.3464,1845.1803,158.1277,32.135,127.1595,2.4927,151.0457,355979.8893,0.0857,0.2032,0.8042,0.0158,0.9552,0.4082,0.2032,67.4667,2.0322,surface water,"high need, water within reach",Buyende,Eastern,60.0,0.6
UG2039,0.0571,0.0143,7.2857,461.4633,116.7562,638.5529,41.6544,0.0,1.4104,2.8939,34.6621,344991.1834,0.0652,0.0,0.0339,0.0695,0.8321,0.5263,0.0695,41.4667,1.0526,groundwater,"lower need, water within reach",Iganga,Eastern,1902.964,19.0297
UG2040,0.0714,0.0143,7.5,439.5776,71.3743,724.4168,31.3504,1.3284,10.5427,1.1523,18.7862,444888.795,0.0433,0.0424,0.3363,0.0368,0.5992,0.5238,0.0424,28.4,1.0476,groundwater,"lower need, water within reach",Jinja,Eastern,211.8621,2.1186
UG2041,0.1571,0.0857,9.2429,418.2576,130.0968,887.4535,234.4721,25.5575,152.5365,6.4634,225.5166,113607.6868,0.2642,0.109,0.6506,0.0276,0.9618,0.0,0.109,82.9333,1.09,surface water,"high need, water within reach",Kaberamaido,Eastern,,
UG2042,0.1143,0.0714,8.6714,471.1962,64.4556,737.099,150.4758,9.8196,48.8217,2.1841,139.4297,121137.0092,0.2041,0.0653,0.3244,0.0145,0.9266,0.0,0.0653,52.6667,0.6526,neither,"high need, water hard to reach",Kalaki,Eastern,,
UG2043,0.1143,0.0429,8.2143,464.077,126.4181,869.8572,140.9589,11.1626,80.7727,5.1629,129.5367,251886.2967,0.162,0.0792,0.573,0.0366,0.919,0.0,0.0792,68.0,0.7919,neither,"high need, water hard to reach",Kaliro,Eastern,,
UG2044,0.0714,0.0429,7.3857,455.1396,97.2976,1517.3437,76.2237,8.7993,48.2665,8.3228,71.1089,485904.6068,0.0502,0.1154,0.6332,0.1092,0.9329,0.6,0.1154,49.7333,1.2,both,"high need, water within reach",Kamuli,Eastern,,
UG2045,0.1571,0.0286,9.3143,523.8409,39.0849,381.6491,66.4288,0.0,0.0,0.0,8.1241,108332.0178,0.1741,0.0,0.0,0.0,0.1223,0.9286,0.0,41.0667,1.8571,groundwater,"lower need, water within reach",Kapchorwa,Eastern,,
UG2046,0.1286,0.0857,9.3286,458.3887,102.6572,1201.5669,175.2149,0.9331,19.7364,5.3409,173.2172,92508.1366,0.1458,0.0053,0.1126,0.0305,0.9886,0.0789,0.0305,72.9333,0.3048,neither,"high need, water hard to reach",Kapelebyong,Eastern,,
UG2047,0.1143,0.0429,9.2714,420.2504,106.4272,2429.0064,484.8259,26.589,255.0611,5.3911,481.0333,168403.2219,0.1996,0.0548,0.5261,0.0111,0.9922,0.6486,0.0548,62.6667,1.2973,groundwater,"high need, water within reach",Katakwi,Eastern,,
UG2048,0.1286,0.0429,8.4286,427.4766,84.9204,489.1055,211.6613,8.5907,80.2551,10.7328,189.188,218189.3021,0.4328,0.0406,0.3792,0.0507,0.8938,0.4545,0.0507,57.7333,0.9091,neither,"high need, water hard to reach",Kibuku,Eastern,,
UG2049,0.1714,0.0571,9.1857,445.8931,77.1128,1074.6338,406.0878,16.5424,147.0553,12.2173,397.1806,267066.1929,0.3779,0.0407,0.3621,0.0301,0.9781,0.0,0.0407,62.9333,0.4074,neither,"high need, water hard to reach",Kumi,Eastern,,
UG2050,0.1857,0.0286,9.9857,428.7458,61.5432,789.5627,236.5511,3.9024,46.8879,33.1346,117.1651,95157.422,0.2996,0.0165,0.1982,0.1401,0.4953,1.0,0.1401,47.0667,2.0,both,"lower need, water within reach",Kween,Eastern,,
UG2051,0.0571,0.0429,7.2571,449.0103,124.2474,649.6545,17.5765,0.0,0.0,0.9116,15.1257,235570.6125,0.0271,0.0,0.0,0.0519,0.8606,0.4286,0.0519,55.6,0.8571,neither,"high need, water hard to reach",Luuka,Eastern,927.0347,9.2703
UG2052,0.0429,0.0429,8.0,495.7913,76.5196,237.6597,64.5756,0.0,0.0,5.7981,34.5394,149947.169,0.2717,0.0,0.0,0.0898,0.5349,0.0,0.0898,36.5333,0.8979,neither,"lower need, harder access",Manafwa,Eastern,,
UG2053,0.0429,0.0571,7.7714,443.9522,76.1197,3382.665,47.6653,10.4122,31.7107,0.5761,28.8103,498384.054,0.0141,0.2184,0.6653,0.0121,0.6044,0.0,0.2184,40.1333,2.1844,surface water,"lower need, water within reach",Mayuge,Eastern,40.1668,0.4017
UG2054,0.0714,0.0429,7.9571,480.7292,98.8613,517.9944,58.1322,0.0,1.1748,10.8509,43.1343,513341.5532,0.1122,0.0,0.0202,0.1867,0.742,0.7778,0.1867,51.0667,1.8666,both,"high need, water within reach",Mbale,Eastern,2.7294,0.0273
UG2055,0.0571,0.0857,8.4429,447.7497,98.3913,4667.6463,71.3536,13.0661,50.1843,3.0891,58.54,233075.5306,0.0153,0.1831,0.7033,0.0433,0.8204,0.0,0.1831,56.6667,1.8312,surface water,"high need, water within reach",Namayingo,Eastern,586.5093,5.8651
UG2056,0.0857,0.0429,8.5857,525.5709,48.7789,299.6616,66.0817,0.0,0.0,9.1156,14.6338,204601.0082,0.2205,0.0,0.0,0.1379,0.2215,0.0,0.1379,36.4,1.3794,surface water,"lower need, water within reach",Namisindwa,Eastern,,
UG2057,0.0714,0.0286,7.6571,472.6534,119.0297,814.5363,328.6394,1.5493,56.4306,10.1428,281.3193,267549.153,0.4035,0.0047,0.1717,0.0309,0.856,0.6957,0.0309,50.2667,1.3913,groundwater,"high need, water within reach",Namutumba,Eastern,9.7488,0.0975
UG2058,0.1571,0.0714,8.6286,451.6929,71.0191,721.3133,225.2801,20.862,185.5058,5.0725,218.8455,144921.736,0.3123,0.0926,0.8234,0.0225,0.9714,0.5,0.0926,60.4,1.0,groundwater,"high need, water within reach",Ngora,Eastern,,
UG2059,0.1,0.0714,8.5286,437.5408,76.9537,859.2357,297.862,18.0542,119.6247,11.2029,280.0045,290793.7882,0.3467,0.0606,0.4016,0.0376,0.94,0.3158,0.0606,54.8,0.6316,neither,"high need, water hard to reach",Pallisa,Eastern,,
UG2060,0.1429,0.0429,9.3429,444.2061,137.5585,1961.0996,364.8099,41.3476,238.3975,0.2582,351.7874,309842.8713,0.186,0.1133,0.6535,0.0007,0.9643,0.0513,0.1133,74.8,1.1334,surface water,"high need, water within reach",Serere,Eastern,40.0,0.4
UG2061,0.1286,0.0429,8.9286,523.2965,75.6241,406.145,26.4326,1.3109,17.7421,6.8068,22.221,242645.5188,0.0651,0.0496,0.6712,0.2575,0.8407,1.0,0.2575,53.4667,2.5752,both,"high need, water within reach",Sironko,Eastern,,
UG2062,0.1,0.0571,8.7714,469.6129,69.4133,1416.2262,283.18,11.6762,157.257,2.8693,276.5127,318316.2023,0.2,0.0412,0.5553,0.0101,0.9765,0.0769,0.0412,49.2,0.4123,neither,"high need, water hard to reach",Soroti,Eastern,40.0,0.4
UG2063,0.0857,0.0714,7.2571,502.4648,117.8908,1191.6985,511.1833,0.4668,18.3345,59.3404,404.7212,527969.5937,0.429,0.0009,0.0359,0.1161,0.7917,0.0,0.1161,64.8,1.1608,surface water,"high need, water within reach",Tororo,Eastern,290.4891,2.9049
UG3064,0.1571,0.1143,10.1429,428.9982,120.9127,2752.0243,48.5435,0.0099,1.6291,0.0,43.5668,135488.8505,0.0176,0.0002,0.0336,0.0,0.8975,0.0114,0.0002,84.6667,0.0227,neither,"high need, water hard to reach",Abim,Northern,,
UG3065,0.0,0.1,6.3143,449.7509,128.0471,3113.7009,70.5923,0.1785,7.5753,2.24,65.2877,211571.4049,0.0227,0.0025,0.1073,0.0317,0.9249,0.2079,0.0317,56.6667,0.4158,neither,"high need, water hard to reach",Adjumani,Northern,,
UG3066,0.0857,0.1,8.8143,447.4362,87.448,3513.6558,984.3583,1.9646,43.5757,17.8075,943.3624,217366.7134,0.2802,0.002,0.0443,0.0181,0.9584,0.0,0.0181,61.6,0.1809,neither,"high need, water hard to reach",Agago,Northern,,
UG3067,0.0571,0.0714,7.9429,500.9312,60.6417,1555.7731,678.0303,4.0992,47.4154,31.8016,615.6227,229013.4885,0.4358,0.006,0.0699,0.0469,0.908,0.0,0.0469,39.4667,0.469,neither,"lower need, harder access",Alebtong,Northern,81.7495,0.8175
UG3068,0.1571,0.1,9.2429,388.5245,126.2291,1795.8942,361.5926,73.941,317.5254,0.0099,356.5785,156823.3403,0.2013,0.2045,0.8781,0.0,0.9861,0.1935,0.2045,84.6667,2.0449,surface water,"high need, water within reach",Amolatar,Northern,,
UG3069,0.4857,0.0857,13.7714,309.298,185.5342,1632.1911,128.9895,0.0695,2.4323,14.2999,121.8364,123904.3996,0.079,0.0005,0.0189,0.1109,0.9445,0.2245,0.1109,90.8,1.1086,surface water,"high need, water within reach",Amudat,Northern,,
UG3070,0.0143,0.1,6.4,460.8884,67.7008,3590.1472,453.5288,0.0397,2.0825,7.8003,376.6132,191137.9438,0.1263,0.0001,0.0046,0.0172,0.8304,0.0339,0.0172,37.0667,0.172,neither,"lower need, harder access",Amuru,Northern,,
UG3071,0.1143,0.1,8.8857,385.978,83.4172,1790.8017,633.1273,13.2151,160.7537,22.8863,608.4671,194114.8014,0.3535,0.0209,0.2539,0.0361,0.9611,0.0577,0.0361,65.2,0.3615,neither,"high need, water hard to reach",Apac,Northern,40.0,0.4
UG3072,0.0143,0.0857,6.4857,402.4456,104.1885,2319.2503,277.2781,0.0,0.0099,21.5232,185.8745,654642.8174,0.1196,0.0,0.0,0.0776,0.6704,0.0405,0.0776,49.2,0.7762,neither,"high need, water hard to reach",Arua,Northern,,
UG3073,0.1,0.0857,8.3857,460.0374,47.5455,1086.3544,477.5029,21.0475,171.0173,9.1836,453.7748,185752.9101,0.4395,0.0441,0.3581,0.0192,0.9503,0.0,0.0441,48.0,0.4408,neither,"lower need, harder access",Dokolo,Northern,,
UG3074,0.0143,0.1143,7.0714,485.697,50.7557,1871.5627,512.9044,1.5279,26.0628,21.6795,459.6,288199.6259,0.2741,0.003,0.0508,0.0423,0.8961,0.0,0.0423,34.9333,0.4227,neither,"lower need, harder access",Gulu,Northern,,
UG3075,0.6571,0.1571,17.3571,266.7992,137.8634,4747.5275,74.9818,0.5552,5.6317,0.0,44.8716,93068.5219,0.0158,0.0074,0.0751,0.0,0.5984,0.0,0.0074,95.8667,0.074,neither,"high need, water hard to reach",Kaabong,Northern,,
UG3076,0.5714,0.1429,15.0286,297.2641,119.715,2549.129,68.089,0.0,0.0099,0.0,43.4829,39002.36,0.0267,0.0,0.0001,0.0,0.6386,0.0,0.0,89.7333,0.0,neither,"high need, water hard to reach",Karenga,Northern,,
UG3077,0.1714,0.1429,9.3857,405.733,96.4353,4151.6451,1108.627,3.6592,92.6224,116.8754,1062.987,195197.3476,0.267,0.0033,0.0835,0.1054,0.9588,0.0,0.1054,79.8667,1.0542,surface water,"high need, water within reach",Kitgum,Northern,,
UG3078,0.0143,0.1143,6.1143,460.2548,87.1988,763.2017,90.7034,0.0,0.0,3.6975,71.3616,224242.6601,0.1188,0.0,0.0,0.0408,0.7868,0.0,0.0408,48.0,0.4076,neither,"lower need, harder access",Koboko,Northern,,
UG3079,0.1,0.0857,8.1429,468.9809,60.9019,1071.4715,663.4225,0.0,0.0,19.1392,608.547,253257.3612,0.6192,0.0,0.0,0.0288,0.9173,0.0,0.0288,50.9333,0.2885,neither,"high need, water hard to reach",Kole,Northern,138.5263,1.3853
UG3080,0.4,0.1571,13.5857,310.3253,228.2618,3630.7164,264.1109,0.0,0.0,0.0,254.1907,186943.6301,0.0727,0.0,0.0,0.0,0.9624,0.0,0.0,98.5333,0.0,neither,"high need, water hard to reach",Kotido,Northern,,
UG3081,0.0857,0.1143,8.3429,420.2784,60.5613,1407.9521,675.0661,55.974,237.9058,10.41,645.7688,193004.8087,0.4795,0.0829,0.3524,0.0154,0.9566,0.0,0.0829,51.7333,0.8292,neither,"high need, water hard to reach",Kwania,Northern,,
UG3082,0.0143,0.1143,7.1714,431.4706,85.577,5444.422,532.0851,5.7212,93.2872,1.8107,500.8751,123700.1504,0.0977,0.0108,0.1753,0.0034,0.9413,0.0,0.0108,47.4667,0.1075,neither,"lower need, harder access",Lamwo,Northern,,
UG3083,0.0857,0.0714,8.0429,479.4991,57.8937,1322.2599,869.7129,5.9952,112.8226,55.1113,775.1671,413359.5948,0.6577,0.0069,0.1297,0.0634,0.8913,0.0,0.0634,43.7333,0.6337,neither,"lower need, harder access",Lira,Northern,124.2508,1.2425
UG3084,0.0286,0.1,6.7429,375.0039,140.4127,2018.9699,28.8074,0.0595,1.9933,2.3615,23.7036,140682.9357,0.0143,0.0021,0.0692,0.082,0.8228,0.4853,0.082,63.7333,0.9706,neither,"high need, water hard to reach",Madi Okollo,Northern,,
UG3085,0.0143,0.1429,6.7286,426.6208,101.3195,439.1062,127.6606,0.0,0.0,0.8619,88.3051,178141.7814,0.2907,0.0,0.0,0.0068,0.6917,0.0,0.0068,54.2667,0.0675,neither,"high need, water hard to reach",Maracha,Northern,,
UG3086,0.7286,0.1714,18.0429,232.0832,215.9533,3542.3531,80.0898,0.0,0.0099,0.0,71.28,103480.1008,0.0226,0.0,0.0001,0.0,0.89,0.1017,0.0,99.4667,0.2034,neither,"high need, water hard to reach",Moroto,Northern,,
UG3087,0.0,0.1,6.5857,433.8845,166.384,1041.0289,9.5077,0.8923,6.1469,0.4362,8.3279,68067.2383,0.0091,0.0938,0.6465,0.0459,0.8759,0.0625,0.0938,,0.9385,neither,too little cropland mapped,Moyo,Northern,,
UG3088,0.2571,0.1,11.6143,336.5494,166.3323,1804.6213,100.611,0.0,0.0,0.0,96.2271,81894.5977,0.0558,0.0,0.0,0.0,0.9564,0.1017,0.0,92.2667,0.2034,neither,"high need, water hard to reach",Nabilatuk,Northern,,
UG3089,0.2143,0.0429,10.8429,377.24,122.174,2378.7786,153.238,0.0,0.0,0.0385,136.9952,109796.7361,0.0644,0.0,0.0,0.0003,0.894,0.4932,0.0003,73.7333,0.9863,neither,"high need, water hard to reach",Nakapiripirit,Northern,,
UG3090,0.3714,0.1286,12.6571,336.6437,197.3553,4477.1964,233.3127,0.8238,18.5304,1.6567,224.8063,140413.469,0.0521,0.0035,0.0794,0.0071,0.9635,0.1667,0.0071,96.0,0.3333,neither,"high need, water hard to reach",Napak,Northern,,
UG3091,0.1,0.0571,8.1714,317.1198,132.583,994.1823,153.5718,0.0,0.0496,3.4419,130.601,250664.2536,0.1545,0.0,0.0003,0.0224,0.8504,0.0,0.0224,70.8,0.2241,neither,"high need, water hard to reach",Nebbi,Northern,,
UG3092,0.0714,0.0857,7.1,419.1971,74.7485,4736.7606,558.2383,0.3374,2.848,27.538,443.7927,199681.5533,0.1179,0.0006,0.0051,0.0493,0.795,0.2081,0.0493,50.0,0.4933,neither,"high need, water hard to reach",Nwoya,Northern,,
UG3093,0.0,0.1571,6.4714,419.8446,152.2252,847.0476,6.6078,0.1487,4.4322,0.0694,6.3202,31557.1648,0.0078,0.0225,0.6708,0.0105,0.9565,0.7692,0.0225,,1.5385,groundwater,too little cropland mapped,Obongi,Northern,,
UG3094,0.0286,0.1,7.3143,489.0572,44.5771,1555.9598,563.9972,0.1692,19.9001,40.4602,507.2435,172829.5003,0.3625,0.0003,0.0353,0.0717,0.8994,0.0,0.0717,34.6667,0.7174,neither,"lower need, harder access",Omoro,Northern,,
UG3095,0.1143,0.0571,9.1571,482.3321,72.8128,1649.9143,341.4142,1.7169,33.6135,30.942,326.3013,117875.9217,0.2069,0.005,0.0985,0.0906,0.9557,0.0,0.0906,53.4667,0.9063,neither,"high need, water hard to reach",Otuke,Northern,75.0332,0.7503
UG3096,0.1,0.0857,7.8429,448.6115,57.1468,2252.6386,1198.8903,14.748,242.0224,45.7832,1123.8919,399501.5912,0.5322,0.0123,0.2019,0.0382,0.9374,0.0,0.0382,49.3333,0.3819,neither,"high need, water hard to reach",Oyam,Northern,20.4402,0.2044
UG3097,0.0143,0.1,7.3,481.2632,63.9085,3301.8349,1168.5448,0.0099,0.6646,59.419,1080.4614,176325.7688,0.3539,0.0,0.0006,0.0508,0.9246,0.0,0.0508,36.2667,0.5085,neither,"lower need, harder access",Pader,Northern,,
UG3098,0.0857,0.0714,7.7571,294.4535,218.8906,1038.5149,33.6975,2.7803,18.4847,7.5416,31.4943,154659.2994,0.0324,0.0825,0.5485,0.2238,0.9346,0.6176,0.2238,73.6,2.238,both,"high need, water within reach",Pakwach,Northern,,
UG3099,0.0143,0.1429,5.9857,432.4034,92.3515,2327.6095,126.1384,0.0,0.0,2.4589,109.8686,577496.6853,0.0542,0.0,0.0,0.0195,0.871,0.0519,0.0195,50.8,0.1949,neither,"high need, water hard to reach",Yumbe,Northern,,
UG3100,0.0286,0.0429,7.9429,405.522,58.2796,890.4475,38.9003,0.0099,1.7567,2.4551,9.7177,244704.9492,0.0437,0.0003,0.0452,0.0631,0.2498,0.0,0.0631,25.7333,0.6311,neither,"lower need, harder access",Zombo,Northern,,
UG4101,0.1,0.0143,8.0714,401.4537,58.5617,687.1113,11.3192,0.0,0.0,0.0,1.7432,124909.0009,0.0165,0.0,0.0,0.0,0.154,0.0,0.0,29.8667,0.0,neither,"lower need, harder access",Buhweju,Western,,
UG4102,0.0714,0.0286,7.7857,353.4436,187.5661,2027.0819,4.3109,0.0496,2.6728,0.5486,3.8641,127957.5522,0.0021,0.0115,0.62,0.1273,0.8964,0.8378,0.1273,,1.6757,both,too little cropland mapped,Buliisa,Western,,
UG4103,0.0143,0.0143,5.5714,429.9166,,851.33,0.0497,0.0,0.0,0.0,0.0397,227469.4311,0.0001,0.0,0.0,0.0,0.8,1.0,0.0,,2.0,groundwater,too little cropland mapped,Bundibugyo,Western,,
UG4104,0.0286,0.0143,5.7714,456.6734,123.6823,498.2372,24.1679,1.1423,17.4332,8.5765,9.0465,168937.4903,0.0485,0.0473,0.7213,0.3549,0.3743,0.9412,0.3549,36.4,3.5487,both,"lower need, water within reach",Bunyangabu,Western,,
UG4105,0.1,0.0286,7.5,402.554,62.5101,905.0971,14.1705,0.0,0.0,0.3224,2.9216,220287.6358,0.0157,0.0,0.0,0.0228,0.2062,0.0,0.0228,37.0667,0.2275,neither,"lower need, harder access",Bushenyi,Western,,
UG4106,0.0714,0.0143,7.1286,357.0476,86.7002,2647.9792,137.2348,0.1986,11.6023,8.2307,68.7068,342697.5627,0.0518,0.0014,0.0845,0.06,0.5007,0.1837,0.06,35.3333,0.5998,neither,"lower need, harder access",Hoima,Western,4.7862,0.0479
UG4107,0.1,0.0,7.4,354.0147,106.8973,965.5839,31.5797,0.0,1.7613,4.3297,6.4948,239232.9928,0.0327,0.0,0.0558,0.1371,0.2057,0.0,0.1371,44.4,1.371,surface water,"lower need, water within reach",Ibanda,Western,,
UG4108,0.1286,0.0,9.1714,316.1009,148.5795,2648.3296,269.4869,29.8257,140.9653,20.9253,88.0856,525081.9348,0.1018,0.1107,0.5231,0.0776,0.3269,1.0,0.1107,58.4,2.0,both,"high need, water within reach",Isingiro,Western,,
UG4109,0.1286,0.0143,9.7571,359.3467,45.7403,619.9213,165.8488,12.9956,63.6646,20.8261,10.0805,214815.5785,0.2675,0.0784,0.3839,0.1256,0.0608,0.2381,0.1256,32.9333,1.2557,surface water,"lower need, water within reach",Kabale,Western,,
UG4110,0.0143,0.0,5.5286,432.8212,50.7554,1311.5762,20.5653,0.5761,4.6461,6.0905,3.035,298068.1012,0.0157,0.028,0.2259,0.2962,0.1476,0.3256,0.2962,5.8667,2.9615,surface water,"lower need, water within reach",Kabarole,Western,,
UG4111,0.0286,0.0,5.9143,392.2147,69.9512,1554.2483,119.9622,0.4568,7.0017,12.5,37.118,422025.5797,0.0772,0.0038,0.0584,0.1042,0.3094,0.0,0.1042,14.4,1.042,surface water,"lower need, water within reach",Kagadi,Western,7.5229,0.0752
UG4112,0.0286,0.0143,6.1,414.2691,83.6034,1667.321,326.2317,0.0,0.0,28.133,160.6167,354467.552,0.1957,0.0,0.0,0.0862,0.4923,0.6471,0.0862,23.8667,1.2941,groundwater,"lower need, water within reach",Kakumiro,Western,514.2023,5.142
UG4113,0.0429,0.0,6.6857,382.93,115.6221,1692.7513,161.8831,0.0,0.0,23.3094,33.4522,297661.8213,0.0956,0.0,0.0,0.144,0.2066,0.0,0.144,34.0,1.4399,surface water,"lower need, water within reach",Kamwenge,Western,,
UG4114,0.0429,0.0429,6.8714,390.1767,142.3804,1325.2643,22.711,0.0,0.0,2.8078,14.3374,237659.9645,0.0171,0.0,0.0,0.1236,0.6313,0.5714,0.1236,56.2667,1.2363,both,"high need, water within reach",Kanungu,Western,,
UG4115,0.0286,0.0286,6.2857,385.9211,136.1855,3387.4067,151.3125,1.6688,54.2748,18.8363,98.9338,691272.2316,0.0447,0.011,0.3587,0.1245,0.6538,0.9479,0.1245,45.4667,1.8958,both,"lower need, water within reach",Kasese,Western,428.7276,4.2873
UG4116,0.0857,0.0,7.8571,322.8596,131.7979,1556.2239,27.4335,0.0993,1.9587,5.0526,6.2413,182144.3712,0.0176,0.0036,0.0714,0.1842,0.2275,0.6275,0.1842,47.7333,1.8417,both,"lower need, water within reach",Kazo,Western,,
UG4117,0.0286,0.0143,6.0571,427.951,74.7515,1164.8896,84.315,0.0,0.0,7.2159,19.7353,167589.2997,0.0724,0.0,0.0,0.0856,0.2341,0.525,0.0856,20.4,1.05,groundwater,"lower need, water within reach",Kibaale,Western,,
UG4118,0.0429,0.0,6.5429,365.6419,73.7335,2990.5029,219.6603,0.3277,33.2503,12.4048,81.4923,295138.9001,0.0735,0.0015,0.1514,0.0565,0.371,0.1129,0.0565,19.3333,0.5647,neither,"lower need, harder access",Kikuube,Western,55.7975,0.558
UG4119,0.1286,0.0,8.5571,322.4332,162.187,3043.4025,87.4386,4.2412,14.6336,6.2364,24.7343,169704.1489,0.0287,0.0485,0.1674,0.0713,0.2829,0.9895,0.0713,58.9333,1.9789,groundwater,"high need, water within reach",Kiruhura,Western,,
UG4120,0.1143,0.0571,7.5286,408.9014,93.379,3633.9431,648.3862,12.4385,160.4636,29.9703,596.958,275762.8637,0.1784,0.0192,0.2475,0.0462,0.9207,0.05,0.0462,62.0,0.4622,neither,"high need, water hard to reach",Kiryandongo,Western,,
UG4121,0.0571,0.0286,7.5,432.2425,24.5455,725.9583,101.6389,7.8401,48.8223,1.8871,39.3588,277201.2465,0.14,0.0771,0.4804,0.0186,0.3872,0.6364,0.0771,23.3333,1.2727,groundwater,"lower need, water within reach",Kisoro,Western,,
UG4122,0.1,0.0143,7.1857,378.523,163.1145,715.5649,32.0907,6.4624,24.8389,5.1457,18.2239,157043.7367,0.0448,0.2014,0.774,0.1603,0.5679,0.0952,0.2014,57.6,2.0138,surface water,"high need, water within reach",Kitagwenda,Western,,
UG4123,0.0429,0.0,6.5,383.676,102.2248,1746.2553,176.492,0.0,0.0,12.8074,28.8569,380122.743,0.1011,0.0,0.0,0.0726,0.1635,0.9286,0.0726,31.0667,1.8571,groundwater,"lower need, water within reach",Kyegegwa,Western,,
UG4124,0.0429,0.0,6.2,410.275,68.4214,2345.905,116.6025,0.0,0.0,19.958,19.6383,457401.8408,0.0497,0.0,0.0,0.1712,0.1684,0.0,0.1712,16.9333,1.7116,surface water,"lower need, water within reach",Kyenjojo,Western,4.7873,0.0479
UG4125,0.0571,0.0286,7.0571,408.1794,110.9208,3922.7899,322.5552,0.5461,20.2854,14.0316,266.0113,299817.7628,0.0822,0.0017,0.0629,0.0435,0.8247,0.2205,0.0435,45.7333,0.4409,neither,"lower need, harder access",Masindi,Western,194.1763,1.9418
UG4126,0.1286,0.0143,9.2429,308.674,130.3699,1241.5686,64.8349,0.2384,5.0985,4.0434,17.6941,341104.1383,0.0522,0.0037,0.0786,0.0624,0.2729,0.8837,0.0624,59.8667,1.7674,groundwater,"high need, water within reach",Mbarara,Western,,
UG4127,0.1143,0.0286,7.6,386.6371,77.0775,544.0114,10.53,0.0,0.0,0.9446,2.1132,170653.2057,0.0194,0.0,0.0,0.0897,0.2007,0.0,0.0897,45.8667,0.897,neither,"lower need, harder access",Mitooma,Western,,
UG4128,0.0286,0.0143,6.5286,340.4116,,1402.3507,1.1316,0.288,0.5065,0.0397,0.7349,66002.3904,0.0008,0.2545,0.4476,0.0351,0.6494,1.0,0.2545,,2.5451,both,too little cropland mapped,Ntoroko,Western,,
UG4129,0.1714,0.0286,9.4714,321.4198,128.9574,2022.3253,220.5711,3.0836,42.7216,24.3428,48.4708,474957.5075,0.1091,0.014,0.1937,0.1104,0.2198,0.194,0.1104,69.2,1.1036,surface water,"high need, water within reach",Ntungamo,Western,,
UG4130,0.1571,0.0286,8.9286,392.6949,30.0159,689.8283,146.817,12.2178,58.3286,11.1463,7.9395,184964.542,0.2128,0.0832,0.3973,0.0759,0.0541,0.0455,0.0832,40.8,0.8322,neither,"lower need, harder access",Rubanda,Western,1648.729,16.4873
UG4131,0.0714,0.0286,7.1571,371.2429,155.5355,1469.1865,9.1522,3.2023,8.7251,0.7191,3.8475,125210.2536,0.0062,0.3499,0.9533,0.0786,0.4204,0.3953,0.3499,,3.499,surface water,too little cropland mapped,Rubirizi,Western,,
UG4132,0.1429,0.0286,9.6286,354.2332,82.9414,427.1034,91.4966,0.0,0.0401,8.134,11.4627,94691.4249,0.2142,0.0,0.0004,0.0889,0.1253,0.1429,0.0889,51.6,0.889,neither,"high need, water hard to reach",Rukiga,Western,332.783,3.3278
UG4133,0.0857,0.0286,7.3,363.2905,77.8265,1529.2258,32.8253,0.0894,2.8703,3.5118,5.7276,296279.2545,0.0215,0.0027,0.0874,0.107,0.1745,0.36,0.107,40.1333,1.0698,surface water,"lower need, water within reach",Rukungiri,Western,18.4881,0.1849
UG4134,0.2286,0.0143,10.2714,337.4307,101.2038,574.6719,11.5253,0.0,0.0,1.0146,2.5098,126054.3227,0.0201,0.0,0.0,0.088,0.2178,1.0,0.088,57.0667,2.0,groundwater,"high need, water within reach",Rwampara,Western,,
UG4135,0.1286,0.0143,8.6571,358.7176,83.403,699.0688,25.4888,0.0,0.0,3.3906,8.5294,195468.1284,0.0365,0.0,0.0,0.133,0.3346,0.125,0.133,44.4,1.3302,surface water,"lower need, water within reach",Sheema,Western,,
