pcode,trough_to_peak,regime,district,region
UG1001,0.38,bimodal,Buikwe,Central
UG1002,0.251,bimodal,Bukomansimbi,Central
UG1003,0.348,bimodal,Butambala,Central
UG1004,0.381,bimodal,Buvuma,Central
UG1005,0.289,bimodal,Gomba,Central
UG1006,0.403,bimodal,Kalangala,Central
UG1007,0.281,bimodal,Kalungu,Central
UG1008,0.381,bimodal,Kampala,Central
UG1009,0.326,bimodal,Kassanda,Central
UG1010,0.474,bimodal,Kayunga,Central
UG1011,0.416,bimodal,Kiboga,Central
UG1012,0.42,bimodal,Kyankwanzi,Central
UG1013,0.214,bimodal,Kyotera,Central
UG1014,0.453,bimodal,Luwero,Central
UG1015,0.179,bimodal,Lwengo,Central
UG1016,0.196,bimodal,Lyantonde,Central
UG1017,0.268,bimodal,Masaka,Central
UG1018,0.328,bimodal,Mityana,Central
UG1019,0.375,bimodal,Mpigi,Central
UG1020,0.323,bimodal,Mubende,Central
UG1021,0.423,bimodal,Mukono,Central
UG1022,0.469,bimodal,Nakaseke,Central
UG1023,0.479,bimodal,Nakasongola,Central
UG1024,0.15,bimodal,Rakai,Central
UG1025,0.229,bimodal,Ssembabule,Central
UG1026,0.417,bimodal,Wakiso,Central
UG2027,0.882,unimodal,Amuria,Eastern
UG2028,0.704,unimodal,Budaka,Eastern
UG2029,0.726,unimodal,Bududa,Eastern
UG2030,0.473,bimodal,Bugiri,Eastern
UG2031,0.502,bimodal,Bugweri,Eastern
UG2032,0.885,unimodal,Bukedea,Eastern
UG2033,0.811,unimodal,Bukwo,Eastern
UG2034,0.777,unimodal,Bulambuli,Eastern
UG2035,0.391,bimodal,Busia,Eastern
UG2036,0.644,unimodal,Butaleja,Eastern
UG2037,0.781,unimodal,Butebo,Eastern
UG2038,0.524,bimodal,Buyende,Eastern
UG2039,0.522,bimodal,Iganga,Eastern
UG2040,0.454,bimodal,Jinja,Eastern
UG2041,0.534,bimodal,Kaberamaido,Eastern
UG2042,0.686,unimodal,Kalaki,Eastern
UG2043,0.595,bimodal,Kaliro,Eastern
UG2044,0.504,bimodal,Kamuli,Eastern
UG2045,0.731,unimodal,Kapchorwa,Eastern
UG2046,0.916,unimodal,Kapelebyong,Eastern
UG2047,0.871,unimodal,Katakwi,Eastern
UG2048,0.625,unimodal,Kibuku,Eastern
UG2049,0.944,unimodal,Kumi,Eastern
UG2050,0.903,unimodal,Kween,Eastern
UG2051,0.523,bimodal,Luuka,Eastern
UG2052,0.618,unimodal,Manafwa,Eastern
UG2053,0.357,bimodal,Mayuge,Eastern
UG2054,0.697,unimodal,Mbale,Eastern
UG2055,0.32,bimodal,Namayingo,Eastern
UG2056,0.664,unimodal,Namisindwa,Eastern
UG2057,0.562,bimodal,Namutumba,Eastern
UG2058,0.833,unimodal,Ngora,Eastern
UG2059,0.709,unimodal,Pallisa,Eastern
UG2060,0.588,bimodal,Serere,Eastern
UG2061,0.762,unimodal,Sironko,Eastern
UG2062,0.721,unimodal,Soroti,Eastern
UG2063,0.55,bimodal,Tororo,Eastern
UG3064,1.05,unimodal,Abim,Northern
UG3065,0.88,unimodal,Adjumani,Northern
UG3066,1.095,unimodal,Agago,Northern
UG3067,0.916,unimodal,Alebtong,Northern
UG3068,0.554,bimodal,Amolatar,Northern
UG3069,0.985,unimodal,Amudat,Northern
UG3070,0.862,unimodal,Amuru,Northern
UG3071,0.618,unimodal,Apac,Northern
UG3072,0.908,unimodal,Arua,Northern
UG3073,0.644,unimodal,Dokolo,Northern
UG3074,0.867,unimodal,Gulu,Northern
UG3075,1.262,unimodal,Kaabong,Northern
UG3076,1.289,unimodal,Karenga,Northern
UG3077,1.152,unimodal,Kitgum,Northern
UG3078,1.009,unimodal,Koboko,Northern
UG3079,0.807,unimodal,Kole,Northern
UG3080,1.315,unimodal,Kotido,Northern
UG3081,0.624,unimodal,Kwania,Northern
UG3082,1.096,unimodal,Lamwo,Northern
UG3083,0.809,unimodal,Lira,Northern
UG3084,0.781,unimodal,Madi Okollo,Northern
UG3085,0.975,unimodal,Maracha,Northern
UG3086,1.02,unimodal,Moroto,Northern
UG3087,0.889,unimodal,Moyo,Northern
UG3088,0.91,unimodal,Nabilatuk,Northern
UG3089,0.911,unimodal,Nakapiripirit,Northern
UG3090,0.972,unimodal,Napak,Northern
UG3091,0.677,unimodal,Nebbi,Northern
UG3092,0.765,unimodal,Nwoya,Northern
UG3093,0.954,unimodal,Obongi,Northern
UG3094,0.869,unimodal,Omoro,Northern
UG3095,0.957,unimodal,Otuke,Northern
UG3096,0.771,unimodal,Oyam,Northern
UG3097,0.979,unimodal,Pader,Northern
UG3098,0.612,unimodal,Pakwach,Northern
UG3099,0.979,unimodal,Yumbe,Northern
UG3100,0.869,unimodal,Zombo,Northern
UG4101,0.167,bimodal,Buhweju,Western
UG4102,0.539,bimodal,Buliisa,Western
UG4103,0.491,bimodal,Bundibugyo,Western
UG4104,0.266,bimodal,Bunyangabu,Western
UG4105,0.174,bimodal,Bushenyi,Western
UG4106,0.485,bimodal,Hoima,Western
UG4107,0.197,bimodal,Ibanda,Western
UG4108,0.111,bimodal,Isingiro,Western
UG4109,0.069,bimodal,Kabale,Western
UG4110,0.287,bimodal,Kabarole,Western
UG4111,0.401,bimodal,Kagadi,Western
UG4112,0.424,bimodal,Kakumiro,Western
UG4113,0.247,bimodal,Kamwenge,Western
UG4114,0.19,bimodal,Kanungu,Western
UG4115,0.221,bimodal,Kasese,Western
UG4116,0.206,bimodal,Kazo,Western
UG4117,0.4,bimodal,Kibaale,Western
UG4118,0.445,bimodal,Kikuube,Western
UG4119,0.158,bimodal,Kiruhura,Western
UG4120,0.686,unimodal,Kiryandongo,Western
UG4121,0.131,bimodal,Kisoro,Western
UG4122,0.211,bimodal,Kitagwenda,Western
UG4123,0.317,bimodal,Kyegegwa,Western
UG4124,0.343,bimodal,Kyenjojo,Western
UG4125,0.531,bimodal,Masindi,Western
UG4126,0.157,bimodal,Mbarara,Western
UG4127,0.203,bimodal,Mitooma,Western
UG4128,0.439,bimodal,Ntoroko,Western
UG4129,0.164,bimodal,Ntungamo,Western
UG4130,0.091,bimodal,Rubanda,Western
UG4131,0.2,bimodal,Rubirizi,Western
UG4132,0.076,bimodal,Rukiga,Western
UG4133,0.193,bimodal,Rukungiri,Western
UG4134,0.267,bimodal,Rwampara,Western
UG4135,0.164,bimodal,Sheema,Western
