pcode,gmia_equipped_ha,gmia_groundwater_ha
UG1001,523.8,5.2
UG1010,120.5,1.2
UG1020,126.9,1.3
UG1021,80.3,0.8
UG2028,5.5,0.1
UG2030,100.9,1.0
UG2031,27.7,0.3
UG2035,48.4,0.5
UG2036,227.0,2.3
UG2038,60.0,0.6
UG2039,1903.0,19.0
UG2040,211.9,2.1
UG2051,927.0,9.3
UG2053,40.2,0.4
UG2054,2.7,0.0
UG2055,586.5,5.9
UG2057,9.7,0.1
UG2060,40.0,0.4
UG2062,40.0,0.4
UG2063,290.5,2.9
UG3067,81.7,0.8
UG3071,40.0,0.4
UG3079,138.5,1.4
UG3083,124.3,1.2
UG3095,75.0,0.8
UG3096,20.4,0.2
UG4106,4.8,0.0
UG4111,7.5,0.1
UG4112,514.2,5.1
UG4115,428.7,4.3
UG4118,55.8,0.6
UG4124,4.8,0.0
UG4125,194.2,1.9
UG4130,1648.7,16.5
UG4132,332.8,3.3
UG4133,18.5,0.2
