pcode,gw_productivity_VL,gw_productivity_L,gw_productivity_LM,gw_productivity_M,gw_productivity_H,gw_productivity_VH,gw_productivity_mid,gw_depth_VS,gw_depth_S,gw_depth_SM,gw_depth_M,gw_depth_D,gw_depth_VD,gw_depth_mid,gw_storage_0,gw_storage_L,gw_storage_LM,gw_storage_M,gw_storage_H,gw_storage_VH,gw_storage_mid,gw_yield_1ls,gw_shallow_25m
UG1001,0,0.0,0.9444,0.0556,0.0,0,0.75,0.5102,0.4898,0.0,0,0,0,3.5,0.1875,0.7917,0.0208,0.0,0,0,500.0,0.0556,1.0
UG1002,0,0.0,0.0,1.0,0.0,0,3.0,0.3889,0.6111,0.0,0,0,0,16.0,0.0,0.0556,0.9444,0.0,0,0,5500.0,1.0,1.0
UG1003,0,0.0,0.6667,0.3333,0.0,0,0.75,0.4167,0.5833,0.0,0,0,0,16.0,0.1667,0.6667,0.1667,0.0,0,0,500.0,0.3333,1.0
UG1004,0,0.0,1.0,0.0,0.0,0,0.75,0.0033,0.9967,0.0,0,0,0,16.0,0.9679,0.0321,0.0,0.0,0,0,0.0,0.0,1.0
UG1005,0,0.0,0.04,0.92,0.04,0,3.0,0.5357,0.4643,0.0,0,0,0,3.5,0.0,0.0545,0.9455,0.0,0,0,5500.0,0.96,1.0
UG1006,0,0.0,1.0,0.0,0.0,0,0.75,0.0066,0.9934,0.0,0,0,0,16.0,0.8614,0.1386,0.0,0.0,0,0,0.0,0.0,1.0
UG1007,0,0.0,0.0,0.7368,0.2632,0,3.0,0.1724,0.8276,0.0,0,0,0,16.0,0.0357,0.1429,0.8214,0.0,0,0,5500.0,1.0,1.0
UG1008,0,0.0,0.2,0.8,0.0,0,3.0,0.1667,0.8333,0.0,0,0,0,16.0,0.0,0.3333,0.6667,0.0,0,0,5500.0,0.8,1.0
UG1009,0,0.0,0.0,0.9032,0.0968,0,3.0,0.6066,0.3934,0.0,0,0,0,3.5,0.0339,0.0169,0.9492,0.0,0,0,5500.0,1.0,1.0
UG1010,0,0.0,0.1522,0.6087,0.2391,0,3.0,0.3333,0.6667,0.0,0,0,0,16.0,0.0339,0.1864,0.7797,0.0,0,0,5500.0,0.8478,1.0
UG1011,0,0.0,0.0,1.0,0.0,0,3.0,0.62,0.38,0.0,0,0,0,3.5,0.0,0.0,1.0,0.0,0,0,5500.0,1.0,1.0
UG1012,0,0.2532,0.0,0.7468,0.0,0,3.0,0.7654,0.2346,0.0,0,0,0,3.5,0.0,0.2658,0.7342,0.0,0,0,5500.0,0.7468,1.0
UG1013,0,0.0,0.0,0.4783,0.5217,0,12.5,0.3827,0.6173,0.0,0,0,0,16.0,0.3165,0.1392,0.5443,0.0,0,0,5500.0,1.0,1.0
UG1014,0,0.0,0.0,0.9265,0.0735,0,3.0,0.6,0.4,0.0,0,0,0,3.5,0.0,0.0274,0.9726,0.0,0,0,5500.0,1.0,1.0
UG1015,0,0.0,0.0,1.0,0.0,0,3.0,0.4848,0.5152,0.0,0,0,0,16.0,0.0857,0.0,0.9143,0.0,0,0,5500.0,1.0,1.0
UG1016,0,0.0,0.0,1.0,0.0,0,3.0,0.5172,0.4828,0.0,0,0,0,3.5,0.0,0.0,1.0,0.0,0,0,5500.0,1.0,1.0
UG1017,0,0.0,0.0,0.4815,0.5185,0,12.5,0.1268,0.8732,0.0,0,0,0,16.0,0.4559,0.1029,0.4412,0.0,0,0,500.0,1.0,1.0
UG1018,0,0.0,0.1136,0.8864,0.0,0,3.0,0.46,0.54,0.0,0,0,0,16.0,0.0192,0.1923,0.7885,0.0,0,0,5500.0,0.8864,1.0
UG1019,0,0.0,0.7667,0.2333,0.0,0,0.75,0.2115,0.7885,0.0,0,0,0,16.0,0.1923,0.5577,0.25,0.0,0,0,500.0,0.2333,1.0
UG1020,0,0.0,0.0,1.0,0.0,0,3.0,0.8068,0.1932,0.0,0,0,0,3.5,0.0,0.0,1.0,0.0,0,0,5500.0,1.0,1.0
UG1021,0,0.0,0.3898,0.5085,0.1017,0,3.0,0.3617,0.6383,0.0,0,0,0,16.0,0.2529,0.3563,0.3908,0.0,0,0,500.0,0.6102,1.0
UG1022,0,0.1727,0.0,0.8273,0.0,0,3.0,0.7522,0.2478,0.0,0,0,0,3.5,0.0,0.1754,0.8246,0.0,0,0,5500.0,0.8273,1.0
UG1023,0,0.6667,0.0,0.2685,0.0648,0,0.3,0.646,0.354,0.0,0,0,0,3.5,0.0087,0.6174,0.3739,0.0,0,0,500.0,0.3333,1.0
UG1024,0,0.0,0.0,0.7955,0.2045,0,3.0,0.2642,0.7358,0.0,0,0,0,16.0,0.0,0.0962,0.8654,0.0385,0,0,5500.0,1.0,1.0
UG1025,0,0.0,0.0,1.0,0.0,0,3.0,0.5395,0.4605,0.0,0,0,0,3.5,0.0132,0.0263,0.9605,0.0,0,0,5500.0,1.0,1.0
UG1026,0,0.0,0.3333,0.6667,0.0,0,3.0,0.3011,0.6989,0.0,0,0,0,16.0,0.4176,0.2308,0.3516,0.0,0,0,500.0,0.6667,1.0
UG2027,0,0.9111,0.0,0.0,0.0889,0,0.3,0.8696,0.1304,0.0,0,0,0,3.5,0.0217,0.8261,0.1087,0.0435,0,0,500.0,0.0889,1.0
UG2028,0,0.0,0.2222,0.5556,0.2222,0,3.0,0.6154,0.3846,0.0,0,0,0,3.5,0.0,0.3333,0.6667,0.0,0,0,5500.0,0.7778,1.0
UG2029,0,0.0,0.3636,0.6364,0.0,0,3.0,0.8,0.2,0.0,0,0,0,3.5,0.0,0.4545,0.5455,0.0,0,0,5500.0,0.6364,1.0
UG2030,0,0.0,0.9667,0.0333,0.0,0,0.75,0.7188,0.2812,0.0,0,0,0,3.5,0.0,0.9706,0.0294,0.0,0,0,500.0,0.0333,1.0
UG2031,0,0.0,0.9333,0.0667,0.0,0,0.75,0.8333,0.1667,0.0,0,0,0,3.5,0.0,0.8571,0.1429,0.0,0,0,500.0,0.0667,1.0
UG2032,0,0.0,0.9697,0.0303,0.0,0,0.75,0.7714,0.2286,0.0,0,0,0,3.5,0.0294,0.8824,0.0882,0.0,0,0,500.0,0.0303,1.0
UG2033,0,0.0,0.0,1.0,0.0,0,3.0,0.9474,0.0526,0.0,0,0,0,3.5,0.0,0.0,1.0,0.0,0,0,5500.0,1.0,1.0
UG2034,0,0.0,0.0952,0.5714,0.3333,0,3.0,1.0,0.0,0.0,0,0,0,3.5,0.0,0.1304,0.6522,0.2174,0,0,5500.0,0.9048,1.0
UG2035,0,0.0,1.0,0.0,0.0,0,0.75,0.56,0.44,0.0,0,0,0,3.5,0.08,0.92,0.0,0.0,0,0,500.0,0.0,1.0
UG2036,0,0.0,0.2222,0.5556,0.2222,0,3.0,0.8,0.2,0.0,0,0,0,3.5,0.0435,0.3043,0.6522,0.0,0,0,5500.0,0.7778,1.0
UG2037,0,0.0,0.8889,0.1111,0.0,0,0.75,0.5556,0.4444,0.0,0,0,0,3.5,0.0,0.8571,0.1429,0.0,0,0,500.0,0.1111,1.0
UG2038,0,0.0,0.5918,0.0,0.4082,0,0.75,0.339,0.661,0.0,0,0,0,16.0,0.0339,0.5254,0.4407,0.0,0,0,500.0,0.4082,1.0
UG2039,0,0.0,0.4737,0.5263,0.0,0,3.0,0.45,0.55,0.0,0,0,0,16.0,0.0,0.4444,0.5556,0.0,0,0,5500.0,0.5263,1.0
UG2040,0,0.0,0.4762,0.5238,0.0,0,3.0,0.56,0.44,0.0,0,0,0,3.5,0.0,0.625,0.375,0.0,0,0,500.0,0.5238,1.0
UG2041,0,1.0,0.0,0.0,0.0,0,0.3,0.3448,0.6552,0.0,0,0,0,16.0,0.1724,0.8276,0.0,0.0,0,0,500.0,0.0,1.0
UG2042,0,1.0,0.0,0.0,0.0,0,0.3,0.4348,0.5652,0.0,0,0,0,16.0,0.0833,0.9167,0.0,0.0,0,0,500.0,0.0,1.0
UG2043,0,0.0,1.0,0.0,0.0,0,0.75,0.4074,0.5926,0.0,0,0,0,16.0,0.0,0.9259,0.0741,0.0,0,0,500.0,0.0,1.0
UG2044,0,0.0,0.4,0.56,0.04,0,3.0,0.3725,0.6275,0.0,0,0,0,16.0,0.0,0.3673,0.6327,0.0,0,0,5500.0,0.6,1.0
UG2045,0,0.0,0.0714,0.9286,0.0,0,3.0,1.0,0.0,0.0,0,0,0,3.5,0.0,0.0,1.0,0.0,0,0,5500.0,0.9286,1.0
UG2046,0,0.9211,0.0,0.0,0.0789,0,0.3,0.9,0.1,0.0,0,0,0,3.5,0.0,0.9,0.1,0.0,0,0,500.0,0.0789,1.0
UG2047,0,0.3243,0.027,0.0,0.6486,0,12.5,0.5467,0.4533,0.0,0,0,0,3.5,0.0617,0.284,0.2469,0.4074,0,0,5500.0,0.6486,1.0
UG2048,0,0.0,0.5455,0.0909,0.3636,0,0.75,0.6667,0.3333,0.0,0,0,0,3.5,0.1333,0.6,0.2667,0.0,0,0,500.0,0.4545,1.0
UG2049,0,0.0,1.0,0.0,0.0,0,0.75,0.5758,0.4242,0.0,0,0,0,3.5,0.0513,0.9487,0.0,0.0,0,0,500.0,0.0,1.0
UG2050,0,0.0,0.0,0.96,0.04,0,3.0,0.8261,0.1304,0.0435,0,0,0,3.5,0.0,0.0,0.9583,0.0417,0,0,5500.0,1.0,0.9565
UG2051,0,0.0,0.5714,0.4286,0.0,0,0.75,0.7,0.3,0.0,0,0,0,3.5,0.0,0.4783,0.5217,0.0,0,0,5500.0,0.4286,1.0
UG2052,0,0.0,1.0,0.0,0.0,0,0.75,0.6667,0.3333,0.0,0,0,0,3.5,0.0,1.0,0.0,0.0,0,0,500.0,0.0,1.0
UG2053,0,0.0,1.0,0.0,0.0,0,0.75,0.114,0.886,0.0,0,0,0,16.0,0.6739,0.3261,0.0,0.0,0,0,0.0,0.0,1.0
UG2054,0,0.0,0.2222,0.7778,0.0,0,3.0,0.5385,0.4615,0.0,0,0,0,3.5,0.0,0.2941,0.7059,0.0,0,0,5500.0,0.7778,1.0
UG2055,0,0.0,1.0,0.0,0.0,0,0.75,0.0494,0.9506,0.0,0,0,0,16.0,0.8727,0.1273,0.0,0.0,0,0,0.0,0.0,1.0
UG2056,0,0.0,1.0,0.0,0.0,0,0.75,0.7,0.3,0.0,0,0,0,3.5,0.0,0.8,0.2,0.0,0,0,500.0,0.0,1.0
UG2057,0,0.0,0.3043,0.5652,0.1304,0,3.0,0.5,0.5,0.0,0,0,0,9.75,0.0,0.3704,0.6296,0.0,0,0,5500.0,0.6957,1.0
UG2058,0,0.0,0.5,0.0,0.5,0,6.625,0.36,0.64,0.0,0,0,0,16.0,0.0476,0.3333,0.619,0.0,0,0,5500.0,0.5,1.0
UG2059,0,0.0,0.6842,0.0,0.3158,0,0.75,0.25,0.75,0.0,0,0,0,16.0,0.2,0.5333,0.2667,0.0,0,0,500.0,0.3158,1.0
UG2060,0,0.9487,0.0,0.0,0.0513,0,0.3,0.0152,0.9848,0.0,0,0,0,16.0,0.3387,0.6452,0.0161,0.0,0,0,500.0,0.0513,1.0
UG2061,0,0.0,0.0,1.0,0.0,0,3.0,0.9286,0.0714,0.0,0,0,0,3.5,0.0,0.0,1.0,0.0,0,0,5500.0,1.0,1.0
UG2062,0,0.9231,0.0,0.0,0.0769,0,0.3,0.5581,0.4419,0.0,0,0,0,3.5,0.0213,0.8298,0.1277,0.0213,0,0,500.0,0.0769,1.0
UG2063,0,0.0,1.0,0.0,0.0,0,0.75,0.7692,0.2308,0.0,0,0,0,3.5,0.0,1.0,0.0,0.0,0,0,500.0,0.0,1.0
UG3064,0,0.9886,0.0,0.0,0.0114,0,0.3,0.6304,0.3696,0.0,0,0,0,3.5,0.0,0.9432,0.0341,0.0227,0,0,500.0,0.0114,1.0
UG3065,0,0.7921,0.0,0.0,0.2079,0,0.3,0.7,0.3,0.0,0,0,0,3.5,0.0,0.74,0.26,0.0,0,0,500.0,0.2079,1.0
UG3066,0,1.0,0.0,0.0,0.0,0,0.3,0.5398,0.4602,0.0,0,0,0,3.5,0.0,1.0,0.0,0.0,0,0,500.0,0.0,1.0
UG3067,0,1.0,0.0,0.0,0.0,0,0.3,0.72,0.28,0.0,0,0,0,3.5,0.0,1.0,0.0,0.0,0,0,500.0,0.0,1.0
UG3068,0,0.8065,0.0,0.0,0.1935,0,0.3,0.1404,0.8596,0.0,0,0,0,16.0,0.4098,0.4754,0.1148,0.0,0,0,500.0,0.1935,1.0
UG3069,0,0.7755,0.0,0.2245,0.0,0,0.3,0.8182,0.1455,0.0364,0,0,0,3.5,0.0,0.6923,0.3077,0.0,0,0,500.0,0.2245,0.9636
UG3070,0,0.9661,0.0,0.0,0.0339,0,0.3,0.8403,0.1597,0.0,0,0,0,3.5,0.0,0.9328,0.0672,0.0,0,0,500.0,0.0339,1.0
UG3071,0,0.9423,0.0,0.0,0.0577,0,0.3,0.5614,0.4386,0.0,0,0,0,3.5,0.0492,0.918,0.0328,0.0,0,0,500.0,0.0577,1.0
UG3072,0,0.9595,0.0,0.0,0.0405,0,0.3,0.7632,0.2368,0.0,0,0,0,3.5,0.0,0.9467,0.0533,0.0,0,0,500.0,0.0405,1.0
UG3073,0,1.0,0.0,0.0,0.0,0,0.3,0.6286,0.3714,0.0,0,0,0,3.5,0.0,1.0,0.0,0.0,0,0,500.0,0.0,1.0
UG3074,0,1.0,0.0,0.0,0.0,0,0.3,0.8361,0.1639,0.0,0,0,0,3.5,0.0,1.0,0.0,0.0,0,0,500.0,0.0,1.0
UG3075,0,1.0,0.0,0.0,0.0,0,0.3,0.4487,0.5513,0.0,0,0,0,16.0,0.0,0.9868,0.0132,0.0,0,0,500.0,0.0,1.0
UG3076,0,1.0,0.0,0.0,0.0,0,0.3,0.6235,0.3765,0.0,0,0,0,3.5,0.0,1.0,0.0,0.0,0,0,500.0,0.0,1.0
UG3077,0,1.0,0.0,0.0,0.0,0,0.3,0.6471,0.3529,0.0,0,0,0,3.5,0.0,1.0,0.0,0.0,0,0,500.0,0.0,1.0
UG3078,0,1.0,0.0,0.0,0.0,0,0.3,0.9167,0.0833,0.0,0,0,0,3.5,0.0,1.0,0.0,0.0,0,0,500.0,0.0,1.0
UG3079,0,1.0,0.0,0.0,0.0,0,0.3,0.5588,0.4412,0.0,0,0,0,3.5,0.0,1.0,0.0,0.0,0,0,500.0,0.0,1.0
UG3080,0,1.0,0.0,0.0,0.0,0,0.3,0.7563,0.2437,0.0,0,0,0,3.5,0.0,1.0,0.0,0.0,0,0,500.0,0.0,1.0
UG3081,0,1.0,0.0,0.0,0.0,0,0.3,0.5957,0.4043,0.0,0,0,0,3.5,0.0667,0.9333,0.0,0.0,0,0,500.0,0.0,1.0
UG3082,0,1.0,0.0,0.0,0.0,0,0.3,0.764,0.236,0.0,0,0,0,3.5,0.0,1.0,0.0,0.0,0,0,500.0,0.0,1.0
UG3083,0,1.0,0.0,0.0,0.0,0,0.3,0.7143,0.2857,0.0,0,0,0,3.5,0.0,1.0,0.0,0.0,0,0,500.0,0.0,1.0
UG3084,0,0.5147,0.0,0.0,0.4853,0,0.3,0.7231,0.2769,0.0,0,0,0,3.5,0.0,0.4478,0.5522,0.0,0,0,5500.0,0.4853,1.0
UG3085,0,1.0,0.0,0.0,0.0,0,0.3,0.9231,0.0769,0.0,0,0,0,3.5,0.0,1.0,0.0,0.0,0,0,500.0,0.0,1.0
UG3086,0,0.8983,0.0,0.1017,0.0,0,0.3,0.7586,0.2414,0.0,0,0,0,3.5,0.0,0.8889,0.1111,0.0,0,0,500.0,0.1017,1.0
UG3087,0,0.9375,0.0,0.0,0.0625,0,0.3,0.5,0.4412,0.0588,0,0,0,9.75,0.0,0.8182,0.1818,0.0,0,0,500.0,0.0625,0.9412
UG3088,0,0.8983,0.0,0.0,0.1017,0,0.3,0.8065,0.1774,0.0161,0,0,0,3.5,0.0,0.7931,0.1207,0.0862,0,0,500.0,0.1017,0.9839
UG3089,0,0.5068,0.0,0.4384,0.0548,0,0.3,0.6974,0.2105,0.0921,0,0,0,3.5,0.0267,0.4267,0.4667,0.08,0,0,5500.0,0.4932,0.9079
UG3090,0,0.8333,0.0,0.0208,0.1458,0,0.3,0.6736,0.3194,0.0069,0,0,0,3.5,0.0,0.7153,0.1597,0.125,0,0,500.0,0.1667,0.9931
UG3091,0,1.0,0.0,0.0,0.0,0,0.3,0.9062,0.0938,0.0,0,0,0,3.5,0.0,1.0,0.0,0.0,0,0,500.0,0.0,1.0
UG3092,0,0.7919,0.0,0.0,0.2081,0,0.3,0.6234,0.3766,0.0,0,0,0,3.5,0.0,0.7843,0.2157,0.0,0,0,500.0,0.2081,1.0
UG3093,0,0.2308,0.0,0.0,0.7692,0,12.5,0.7407,0.2593,0.0,0,0,0,3.5,0.0,0.1481,0.8519,0.0,0,0,5500.0,0.7692,1.0
UG3094,0,1.0,0.0,0.0,0.0,0,0.3,0.6275,0.3725,0.0,0,0,0,3.5,0.0,1.0,0.0,0.0,0,0,500.0,0.0,1.0
UG3095,0,1.0,0.0,0.0,0.0,0,0.3,0.7547,0.2453,0.0,0,0,0,3.5,0.0,1.0,0.0,0.0,0,0,500.0,0.0,1.0
UG3096,0,1.0,0.0,0.0,0.0,0,0.3,0.6912,0.3088,0.0,0,0,0,3.5,0.0,1.0,0.0,0.0,0,0,500.0,0.0,1.0
UG3097,0,1.0,0.0,0.0,0.0,0,0.3,0.5818,0.4182,0.0,0,0,0,3.5,0.0,1.0,0.0,0.0,0,0,500.0,0.0,1.0
UG3098,0,0.3824,0.0,0.0,0.6176,0,12.5,0.6061,0.3939,0.0,0,0,0,3.5,0.0588,0.2647,0.6765,0.0,0,0,5500.0,0.6176,1.0
UG3099,0,0.9481,0.0,0.0,0.0519,0,0.3,0.9103,0.0897,0.0,0,0,0,3.5,0.0,0.9481,0.0519,0.0,0,0,500.0,0.0519,1.0
UG3100,0,1.0,0.0,0.0,0.0,0,0.3,0.5862,0.4138,0.0,0,0,0,3.5,0.0,0.9333,0.0667,0.0,0,0,500.0,0.0,1.0
UG4101,0,0.0,1.0,0.0,0.0,0,0.75,0.4762,0.5238,0.0,0,0,0,16.0,0.0,1.0,0.0,0.0,0,0,500.0,0.0,1.0
UG4102,0,0.1622,0.0,0.0,0.8378,0,12.5,0.3913,0.6087,0.0,0,0,0,16.0,0.375,0.1406,0.4844,0.0,0,0,500.0,0.8378,1.0
UG4103,0,0.0,0.0,1.0,0.0,0,3.0,0.5714,0.4286,0.0,0,0,0,3.5,0.0,0.0,0.7143,0.2857,0,0,5500.0,1.0,1.0
UG4104,0,0.0,0.0588,0.9412,0.0,0,3.0,0.625,0.375,0.0,0,0,0,3.5,0.0,0.0,1.0,0.0,0,0,5500.0,0.9412,1.0
UG4105,0,0.0,1.0,0.0,0.0,0,0.75,0.6207,0.3793,0.0,0,0,0,3.5,0.0,1.0,0.0,0.0,0,0,500.0,0.0,1.0
UG4106,0,0.8163,0.0,0.0,0.1837,0,0.3,0.3605,0.6395,0.0,0,0,0,16.0,0.3793,0.5172,0.1034,0.0,0,0,500.0,0.1837,1.0
UG4107,0,0.0,1.0,0.0,0.0,0,0.75,0.7,0.3,0.0,0,0,0,3.5,0.0,1.0,0.0,0.0,0,0,500.0,0.0,1.0
UG4108,0,0.0,0.0,0.8889,0.1111,0,3.0,0.6322,0.3678,0.0,0,0,0,3.5,0.0,0.0,0.9881,0.0119,0,0,5500.0,1.0,1.0
UG4109,0,0.0,0.7619,0.2381,0.0,0,0.75,0.2632,0.7368,0.0,0,0,0,16.0,0.0,0.6,0.4,0.0,0,0,500.0,0.2381,1.0
UG4110,0,0.6279,0.0465,0.3256,0.0,0,0.3,0.4762,0.5238,0.0,0,0,0,16.0,0.0,0.6444,0.3111,0.0444,0,0,500.0,0.3256,1.0
UG4111,0,1.0,0.0,0.0,0.0,0,0.3,0.46,0.54,0.0,0,0,0,16.0,0.1,0.86,0.04,0.0,0,0,500.0,0.0,1.0
UG4112,0,0.3529,0.0,0.6471,0.0,0,3.0,0.5893,0.4107,0.0,0,0,0,3.5,0.0,0.283,0.717,0.0,0,0,5500.0,0.6471,1.0
UG4113,0,0.6981,0.3019,0.0,0.0,0,0.3,0.6909,0.3091,0.0,0,0,0,3.5,0.0,1.0,0.0,0.0,0,0,500.0,0.0,1.0
UG4114,0,0.0,0.4286,0.5714,0.0,0,3.0,0.8095,0.1905,0.0,0,0,0,3.5,0.0,0.4286,0.3095,0.2619,0,0,5500.0,0.5714,1.0
UG4115,0,0.0,0.0521,0.9479,0.0,0,3.0,0.5495,0.4054,0.045,0,0,0,3.5,0.0727,0.0727,0.5,0.3545,0,0,5500.0,0.9479,0.955
UG4116,0,0.0196,0.3529,0.6275,0.0,0,3.0,0.6875,0.3125,0.0,0,0,0,3.5,0.0,0.24,0.76,0.0,0,0,5500.0,0.6275,1.0
UG4117,0,0.475,0.0,0.525,0.0,0,3.0,0.5946,0.4054,0.0,0,0,0,3.5,0.0,0.4103,0.5897,0.0,0,0,5500.0,0.525,1.0
UG4118,0,0.8871,0.0,0.0,0.1129,0,0.3,0.4021,0.5979,0.0,0,0,0,16.0,0.3265,0.5918,0.0816,0.0,0,0,500.0,0.1129,1.0
UG4119,0,0.0,0.0105,0.9895,0.0,0,3.0,0.5,0.5,0.0,0,0,0,9.75,0.0,0.0309,0.9691,0.0,0,0,5500.0,0.9895,1.0
UG4120,0,0.95,0.0,0.0,0.05,0,0.3,0.686,0.314,0.0,0,0,0,3.5,0.0,0.9328,0.0672,0.0,0,0,500.0,0.05,1.0
UG4121,0,0.0,0.3636,0.6364,0.0,0,3.0,0.3913,0.6087,0.0,0,0,0,16.0,0.0,0.4,0.6,0.0,0,0,5500.0,0.6364,1.0
UG4122,0,0.0,0.9048,0.0952,0.0,0,0.75,0.8333,0.125,0.0417,0,0,0,3.5,0.0435,0.8261,0.087,0.0435,0,0,500.0,0.0952,0.9583
UG4123,0,0.0714,0.0,0.9286,0.0,0,3.0,0.9,0.1,0.0,0,0,0,3.5,0.0,0.0508,0.9492,0.0,0,0,5500.0,0.9286,1.0
UG4124,0,1.0,0.0,0.0,0.0,0,0.3,0.6216,0.3784,0.0,0,0,0,3.5,0.0,1.0,0.0,0.0,0,0,500.0,0.0,1.0
UG4125,0,0.7795,0.0,0.0,0.2205,0,0.3,0.6667,0.3333,0.0,0,0,0,3.5,0.0,0.7661,0.2339,0.0,0,0,500.0,0.2205,1.0
UG4126,0,0.0,0.1163,0.8605,0.0233,0,3.0,0.5714,0.4286,0.0,0,0,0,3.5,0.0,0.025,0.95,0.025,0,0,5500.0,0.8837,1.0
UG4127,0,0.0,1.0,0.0,0.0,0,0.75,0.6316,0.3684,0.0,0,0,0,3.5,0.0,1.0,0.0,0.0,0,0,500.0,0.0,1.0
UG4128,0,0.0,0.0,1.0,0.0,0,3.0,0.4,0.6,0.0,0,0,0,16.0,0.0,0.0,0.1818,0.8182,0,0,17500.0,1.0,1.0
UG4129,0,0.0,0.806,0.1791,0.0149,0,0.75,0.3582,0.6418,0.0,0,0,0,16.0,0.0,0.7937,0.2063,0.0,0,0,500.0,0.194,1.0
UG4130,0,0.0,0.9545,0.0455,0.0,0,0.75,0.5217,0.4783,0.0,0,0,0,3.5,0.0,0.9545,0.0455,0.0,0,0,500.0,0.0455,1.0
UG4131,0,0.0,0.6047,0.3953,0.0,0,0.75,0.6,0.4,0.0,0,0,0,3.5,0.1224,0.5306,0.1429,0.2041,0,0,500.0,0.3953,1.0
UG4132,0,0.0,0.8571,0.1429,0.0,0,0.75,0.4,0.6,0.0,0,0,0,16.0,0.0,0.7857,0.2143,0.0,0,0,500.0,0.1429,1.0
UG4133,0,0.0,0.64,0.36,0.0,0,0.75,0.7174,0.2826,0.0,0,0,0,3.5,0.0,0.6,0.12,0.28,0,0,500.0,0.36,1.0
UG4134,0,0.0,0.0,1.0,0.0,0,3.0,0.3333,0.6667,0.0,0,0,0,16.0,0.0,0.0,1.0,0.0,0,0,5500.0,1.0,1.0
UG4135,0,0.0,0.875,0.125,0.0,0,0.75,0.3182,0.6818,0.0,0,0,0,16.0,0.0,0.7826,0.2174,0.0,0,0,500.0,0.125,1.0
