pcode,p_long_dry,p_failed,mean_spell,window_rain,district,region,deficit
UG1001,0.0571,0.0857,7.3571,466.8454,Buikwe,Central,53.073
UG1002,0.0714,0.0286,8.2857,374.6881,Bukomansimbi,Central,98.0943
UG1003,0.0571,0.0429,7.0429,415.5511,Butambala,Central,82.6929
UG1004,0.0714,0.0571,7.5714,477.2857,Buvuma,Central,71.309
UG1005,0.0429,0.0,7.1143,378.0342,Gomba,Central,113.8232
UG1006,0.0286,0.0571,5.8571,618.6715,Kalangala,Central,
UG1007,0.0429,0.0143,7.7571,402.6748,Kalungu,Central,85.417
UG1008,0.0571,0.1,7.0429,416.1771,Kampala,Central,51.334
UG1009,0.0286,0.0286,6.3714,373.1855,Kassanda,Central,112.8118
UG1010,0.0571,0.0286,7.2571,429.5751,Kayunga,Central,101.8187
UG1011,0.0286,0.0429,6.5571,415.9546,Kiboga,Central,98.007
UG1012,0.0429,0.0286,7.0143,389.8008,Kyankwanzi,Central,97.3429
UG1013,0.1,0.0286,7.5857,497.9408,Kyotera,Central,84.0941
UG1014,0.0571,0.0286,6.9571,432.4993,Luwero,Central,90.0253
UG1015,0.0857,0.0429,8.3,368.9257,Lwengo,Central,131.4175
UG1016,0.1,0.0,8.6,321.729,Lyantonde,Central,169.9642
UG1017,0.0429,0.0571,7.0857,517.7378,Masaka,Central,69.3062
UG1018,0.0286,0.0286,6.1286,421.583,Mityana,Central,89.929
UG1019,0.0429,0.0571,6.8,448.6549,Mpigi,Central,68.6998
UG1020,0.0286,0.0,6.4857,390.2205,Mubende,Central,99.5819
UG1021,0.0286,0.0857,6.4714,477.9205,Mukono,Central,61.5003
UG1022,0.0571,0.0286,6.7857,411.3386,Nakaseke,Central,111.0775
UG1023,0.0714,0.0286,7.8429,380.39,Nakasongola,Central,123.9027
UG1024,0.1,0.0286,8.8571,373.1274,Rakai,Central,122.5266
UG1025,0.0429,0.0143,7.5286,345.3255,Ssembabule,Central,150.3312
UG1026,0.0,0.0857,6.1429,477.3123,Wakiso,Central,72.1171
UG2027,0.1286,0.0429,8.7857,465.9609,Amuria,Eastern,91.5717
UG2028,0.1286,0.0429,8.7,429.1627,Budaka,Eastern,92.5988
UG2029,0.1571,0.0429,9.4857,526.2203,Bududa,Eastern,
UG2030,0.1,0.0143,6.9,496.141,Bugiri,Eastern,99.1524
UG2031,0.0429,0.0143,7.0857,462.1104,Bugweri,Eastern,109.3231
UG2032,0.1286,0.0286,8.5286,446.5286,Bukedea,Eastern,81.8356
UG2033,0.2286,0.0286,10.6286,471.5068,Bukwo,Eastern,65.1189
UG2034,0.1429,0.0286,8.8571,488.7539,Bulambuli,Eastern,74.1229
UG2035,0.0714,0.0571,6.6857,554.3747,Busia,Eastern,83.7426
UG2036,0.0857,0.0286,7.8429,428.4494,Butaleja,Eastern,105.1224
UG2037,0.0857,0.0429,8.6714,450.4205,Butebo,Eastern,83.8528
UG2038,0.1143,0.0429,8.9429,428.4956,Buyende,Eastern,125.3464
UG2039,0.0571,0.0143,7.2857,461.4633,Iganga,Eastern,116.7562
UG2040,0.0714,0.0143,7.5,439.5776,Jinja,Eastern,71.3743
UG2041,0.1571,0.0857,9.2429,418.2576,Kaberamaido,Eastern,130.0968
UG2042,0.1143,0.0714,8.6714,471.1962,Kalaki,Eastern,64.4556
UG2043,0.1143,0.0429,8.2143,464.077,Kaliro,Eastern,126.4181
UG2044,0.0714,0.0429,7.3857,455.1396,Kamuli,Eastern,97.2976
UG2045,0.1571,0.0286,9.3143,523.8409,Kapchorwa,Eastern,39.0849
UG2046,0.1286,0.0857,9.3286,458.3887,Kapelebyong,Eastern,102.6572
UG2047,0.1143,0.0429,9.2714,420.2504,Katakwi,Eastern,106.4272
UG2048,0.1286,0.0429,8.4286,427.4766,Kibuku,Eastern,84.9204
UG2049,0.1714,0.0571,9.1857,445.8931,Kumi,Eastern,77.1128
UG2050,0.1857,0.0286,9.9857,428.7458,Kween,Eastern,61.5432
UG2051,0.0571,0.0429,7.2571,449.0103,Luuka,Eastern,124.2474
UG2052,0.0429,0.0429,8.0,495.7913,Manafwa,Eastern,76.5196
UG2053,0.0429,0.0571,7.7714,443.9522,Mayuge,Eastern,76.1197
UG2054,0.0714,0.0429,7.9571,480.7292,Mbale,Eastern,98.8613
UG2055,0.0571,0.0857,8.4429,447.7497,Namayingo,Eastern,98.3913
UG2056,0.0857,0.0429,8.5857,525.5709,Namisindwa,Eastern,48.7789
UG2057,0.0714,0.0286,7.6571,472.6534,Namutumba,Eastern,119.0297
UG2058,0.1571,0.0714,8.6286,451.6929,Ngora,Eastern,71.0191
UG2059,0.1,0.0714,8.5286,437.5408,Pallisa,Eastern,76.9537
UG2060,0.1429,0.0429,9.3429,444.2061,Serere,Eastern,137.5585
UG2061,0.1286,0.0429,8.9286,523.2965,Sironko,Eastern,75.6241
UG2062,0.1,0.0571,8.7714,469.6129,Soroti,Eastern,69.4133
UG2063,0.0857,0.0714,7.2571,502.4648,Tororo,Eastern,117.8908
UG3064,0.1571,0.1143,10.1429,428.9982,Abim,Northern,120.9127
UG3065,0.0,0.1,6.3143,449.7509,Adjumani,Northern,128.0471
UG3066,0.0857,0.1,8.8143,447.4362,Agago,Northern,87.448
UG3067,0.0571,0.0714,7.9429,500.9312,Alebtong,Northern,60.6417
UG3068,0.1571,0.1,9.2429,388.5245,Amolatar,Northern,126.2291
UG3069,0.4857,0.0857,13.7714,309.298,Amudat,Northern,185.5342
UG3070,0.0143,0.1,6.4,460.8884,Amuru,Northern,67.7008
UG3071,0.1143,0.1,8.8857,385.978,Apac,Northern,83.4172
UG3072,0.0143,0.0857,6.4857,402.4456,Arua,Northern,104.1885
UG3073,0.1,0.0857,8.3857,460.0374,Dokolo,Northern,47.5455
UG3074,0.0143,0.1143,7.0714,485.697,Gulu,Northern,50.7557
UG3075,0.6571,0.1571,17.3571,266.7992,Kaabong,Northern,137.8634
UG3076,0.5714,0.1429,15.0286,297.2641,Karenga,Northern,119.715
UG3077,0.1714,0.1429,9.3857,405.733,Kitgum,Northern,96.4353
UG3078,0.0143,0.1143,6.1143,460.2548,Koboko,Northern,87.1988
UG3079,0.1,0.0857,8.1429,468.9809,Kole,Northern,60.9019
UG3080,0.4,0.1571,13.5857,310.3253,Kotido,Northern,228.2618
UG3081,0.0857,0.1143,8.3429,420.2784,Kwania,Northern,60.5613
UG3082,0.0143,0.1143,7.1714,431.4706,Lamwo,Northern,85.577
UG3083,0.0857,0.0714,8.0429,479.4991,Lira,Northern,57.8937
UG3084,0.0286,0.1,6.7429,375.0039,Madi Okollo,Northern,140.4127
UG3085,0.0143,0.1429,6.7286,426.6208,Maracha,Northern,101.3195
UG3086,0.7286,0.1714,18.0429,232.0832,Moroto,Northern,215.9533
UG3087,0.0,0.1,6.5857,433.8845,Moyo,Northern,166.384
UG3088,0.2571,0.1,11.6143,336.5494,Nabilatuk,Northern,166.3323
UG3089,0.2143,0.0429,10.8429,377.24,Nakapiripirit,Northern,122.174
UG3090,0.3714,0.1286,12.6571,336.6437,Napak,Northern,197.3553
UG3091,0.1,0.0571,8.1714,317.1198,Nebbi,Northern,132.583
UG3092,0.0714,0.0857,7.1,419.1971,Nwoya,Northern,74.7485
UG3093,0.0,0.1571,6.4714,419.8446,Obongi,Northern,152.2252
UG3094,0.0286,0.1,7.3143,489.0572,Omoro,Northern,44.5771
UG3095,0.1143,0.0571,9.1571,482.3321,Otuke,Northern,72.8128
UG3096,0.1,0.0857,7.8429,448.6115,Oyam,Northern,57.1468
UG3097,0.0143,0.1,7.3,481.2632,Pader,Northern,63.9085
UG3098,0.0857,0.0714,7.7571,294.4535,Pakwach,Northern,218.8906
UG3099,0.0143,0.1429,5.9857,432.4034,Yumbe,Northern,92.3515
UG3100,0.0286,0.0429,7.9429,405.522,Zombo,Northern,58.2796
UG4101,0.1,0.0143,8.0714,401.4537,Buhweju,Western,58.5617
UG4102,0.0714,0.0286,7.7857,353.4436,Buliisa,Western,187.5661
UG4103,0.0143,0.0143,5.5714,429.9166,Bundibugyo,Western,
UG4104,0.0286,0.0143,5.7714,456.6734,Bunyangabu,Western,123.6823
UG4105,0.1,0.0286,7.5,402.554,Bushenyi,Western,62.5101
UG4106,0.0714,0.0143,7.1286,357.0476,Hoima,Western,86.7002
UG4107,0.1,0.0,7.4,354.0147,Ibanda,Western,106.8973
UG4108,0.1286,0.0,9.1714,316.1009,Isingiro,Western,148.5795
UG4109,0.1286,0.0143,9.7571,359.3467,Kabale,Western,45.7403
UG4110,0.0143,0.0,5.5286,432.8212,Kabarole,Western,50.7554
UG4111,0.0286,0.0,5.9143,392.2147,Kagadi,Western,69.9512
UG4112,0.0286,0.0143,6.1,414.2691,Kakumiro,Western,83.6034
UG4113,0.0429,0.0,6.6857,382.93,Kamwenge,Western,115.6221
UG4114,0.0429,0.0429,6.8714,390.1767,Kanungu,Western,142.3804
UG4115,0.0286,0.0286,6.2857,385.9211,Kasese,Western,136.1855
UG4116,0.0857,0.0,7.8571,322.8596,Kazo,Western,131.7979
UG4117,0.0286,0.0143,6.0571,427.951,Kibaale,Western,74.7515
UG4118,0.0429,0.0,6.5429,365.6419,Kikuube,Western,73.7335
UG4119,0.1286,0.0,8.5571,322.4332,Kiruhura,Western,162.187
UG4120,0.1143,0.0571,7.5286,408.9014,Kiryandongo,Western,93.379
UG4121,0.0571,0.0286,7.5,432.2425,Kisoro,Western,24.5455
UG4122,0.1,0.0143,7.1857,378.523,Kitagwenda,Western,163.1145
UG4123,0.0429,0.0,6.5,383.676,Kyegegwa,Western,102.2248
UG4124,0.0429,0.0,6.2,410.275,Kyenjojo,Western,68.4214
UG4125,0.0571,0.0286,7.0571,408.1794,Masindi,Western,110.9208
UG4126,0.1286,0.0143,9.2429,308.674,Mbarara,Western,130.3699
UG4127,0.1143,0.0286,7.6,386.6371,Mitooma,Western,77.0775
UG4128,0.0286,0.0143,6.5286,340.4116,Ntoroko,Western,
UG4129,0.1714,0.0286,9.4714,321.4198,Ntungamo,Western,128.9574
UG4130,0.1571,0.0286,8.9286,392.6949,Rubanda,Western,30.0159
UG4131,0.0714,0.0286,7.1571,371.2429,Rubirizi,Western,155.5355
UG4132,0.1429,0.0286,9.6286,354.2332,Rukiga,Western,82.9414
UG4133,0.0857,0.0286,7.3,363.2905,Rukungiri,Western,77.8265
UG4134,0.2286,0.0143,10.2714,337.4307,Rwampara,Western,101.2038
UG4135,0.1286,0.0143,8.6571,358.7176,Sheema,Western,83.403
