adm2_pcode,adm2_name,adm1_name,area_km2,cropland_km2,crop_1km_water_km2,crop_5km_water_km2,crop_1km_river_km2,crop_flat_km2,population
UG1001,Buikwe,Central,1453.1738810160361,35.693859269543026,2.284554937854409,9.39080072017204,0.7745669228481311,11.468737859505357,424903.5695010176
UG1002,Bukomansimbi,Central,599.8268987344976,57.09297215493359,0.0,0.0,5.492957232519984,14.869738439098,135393.33445510338
UG1003,Butambala,Central,405.58625056098265,21.615020097145702,0.0,0.0,2.7713195038959384,9.108715831718463,93100.19886956998
UG1004,Buvuma,Central,9619.49929694321,3.8639280814677477,2.8110341299325228,3.8639280814677477,0.08939661085605621,1.68860521633178,112137.15927958488
UG1005,Gomba,Central,1670.5593285045093,128.09426165900248,1.6389387231320143,8.590241885429943,6.486232469789684,38.21240810071867,150980.3051979499
UG1006,Kalangala,Central,9051.195282248533,0.4569115359336138,0.3575823428109288,0.4569115359336138,0.019865766167640686,0.1887243026867509,57212.87802490592
UG1007,Kalungu,Central,837.1675928155141,102.34937265685522,2.25479534547776,16.61320437980341,5.771095150150359,43.46719618093807,168938.42362588906
UG1008,Kampala,Central,195.27783512650245,0.5531655699708591,0.09932943433523178,0.37745142262429,0.009932933375239372,0.2452457426809797,1468968.857608202
UG1009,Kassanda,Central,1918.6300488233358,252.5806609745557,0.17879178375005722,22.468162547796965,17.800205424026238,71.12301604644048,301078.8108043715
UG1010,Kayunga,Central,1778.9825927377074,182.5749542836319,15.928944106421927,109.51869081633494,3.40635343848125,175.09658772405237,361903.71644683846
UG1011,Kiboga,Central,1573.9145077457945,47.25129560461524,0.03972847945988178,4.956077078357339,2.9972468353734882,26.259172558474045,148828.77254311807
UG1012,Kyankwanzi,Central,2463.9915353559654,367.6101285495047,0.0,0.0,31.712723898259448,263.2805683501905,245773.69846247465
UG1013,Kyotera,Central,2448.6077751182597,102.86726191761521,0.00993178691715002,0.5661107841879129,9.773250386747074,63.596423771736376,232534.693533273
UG1014,Luwero,Central,2217.5870207545945,84.31199657703365,0.0,0.0,1.7020923400626464,70.88238471760688,456225.30029363284
UG1015,Lwengo,Central,1024.361706249186,162.5020489088497,0.5752809777161947,6.368931017615193,10.256643218320667,34.67699656555173,252642.5189532725
UG1016,Lyantonde,Central,865.9608117106827,41.54534354448391,0.0,0.7708576433908414,4.918172260286177,9.98526197534931,97096.38373648172
UG1017,Masaka,Central,2198.211711195469,85.41081546767815,0.963485456071794,17.555847988014712,4.3931874355629965,35.66839698273689,292087.30205249967
UG1018,Mityana,Central,1583.3789830965118,27.204101820228,2.1057807188481092,5.007942752028797,3.1749791300033823,8.640657572634517,316531.26155531197
UG1019,Mpigi,Central,1525.1406100747415,38.87313975558489,2.0760073978453875,18.843001573346555,3.6255506398156285,18.7670606627549,250225.22429974697
UG1020,Mubende,Central,2711.369509482259,506.3170280567937,0.5562227107584476,14.998210530728102,21.119762029469598,93.14838918424485,452789.60051716556
UG1021,Mukono,Central,2783.8589935424825,27.21347859863046,1.1522310581058264,6.819345509056367,2.285769436804249,13.634546902260798,613791.5106225383
UG1022,Nakaseke,Central,3477.4427498683785,102.3596021598205,0.09931426029652357,3.009307010099292,3.6448180796578526,96.47997885942459,203963.50842239172
UG1023,Nakasongola,Central,3511.006729159811,233.4671353669472,18.698186870664358,103.43170916009694,4.725585228336208,223.33610613513736,187292.45648692787
UG1024,Rakai,Central,1591.7177610787212,123.90410453310128,16.925511870412706,63.399733319739795,15.468163410157842,35.606349392498245,270766.9631297303
UG1025,Ssembabule,Central,2340.4057974240613,126.45856808026267,0.1191966226324439,2.701322360610699,13.057421518858597,32.11869481169053,257613.26648736655
UG1026,Wakiso,Central,2808.8496925020636,24.61553014449629,1.58927792776376,3.764590642414987,4.276220931700777,9.332030884687807,2562810.150441096
UG2027,Amuria,Eastern,1382.458267834994,215.10002910400578,2.501855729147792,64.91517167446733,7.832608235068619,209.35763570963607,192948.74601745972
UG2028,Budaka,Eastern,411.03951413977666,168.64022037564033,0.0,8.23083534969711,3.8325649552777703,152.7136832772298,221312.1754984496
UG2029,Bududa,Eastern,317.402533482205,0.16572112367287567,0.0,0.0,0.0,0.009931355714797974,235668.7104944488
UG2030,Bugiri,Eastern,1053.6356012591582,159.42449225575535,10.100407729454922,67.94688709458957,13.672518178323903,141.65522762894193,403186.9822165096
UG2031,Bugweri,Eastern,379.07380492136804,50.6088577543988,1.0925590470433235,21.188125140439062,7.3436960823760895,39.8243915514984,172785.8745338471
UG2032,Bukedea,Eastern,1050.0846421378246,387.15480511105244,0.6851512109860778,38.896906432392555,11.310222192649162,371.82768778084403,210011.77056560107
UG2033,Bukwo,Eastern,560.0774836760964,141.49271848860246,0.0,0.0,37.35727635490545,23.07721066866071,104662.24220172968
UG2034,Bulambuli,Eastern,693.7442888358498,121.25768970218942,0.0,5.871449309992878,12.94052520149625,111.9650182792844,203943.09005554797
UG2035,Busia,Eastern,762.270379304119,117.03774601698066,1.8683312156182879,17.77015065735973,16.501770417494516,94.8170655720155,334726.27649321756
UG2036,Butaleja,Eastern,654.6688916960511,251.97904391500944,3.19803932774812,79.45733298969765,31.949770231387927,225.21532371865177,263717.3471248293
UG2037,Butebo,Eastern,237.91431658996962,138.30265107289614,0.0,0.0,4.0156292266194145,125.78765690455617,118522.77899270621
UG2038,Buyende,Eastern,1845.1802756363554,158.12771974667982,32.13495145738125,127.15949968897975,2.4926574239507318,151.04573713859872,355979.88928347017
UG2039,Iganga,Eastern,638.552946736751,41.65435365801495,0.0,1.4103857856243849,2.893873531068219,34.66205714763891,344991.18337402196
UG2040,Jinja,Eastern,724.4167825991359,31.350438959147855,1.3283710205050954,10.542748504216034,1.1522916730274173,18.786215650903827,444888.79495668085
UG2041,Kaberamaido,Eastern,887.4534922049875,234.47209832476202,25.557500798255205,152.53650034952028,6.463386001996696,225.5166497177792,113607.68677216182
UG2042,Kalaki,Eastern,737.0990019383675,150.47578467605817,9.81958774663508,48.821652292920376,2.1841028640046716,139.42970014168498,121137.00923715037
UG2043,Kaliro,Eastern,869.8571514131722,140.95887048844907,11.162627228535712,80.77268270498836,5.162906735543819,129.53673833652454,251886.29668347095
UG2044,Kamuli,Eastern,1517.3437133912323,76.22372529928883,8.799322744831443,48.26645655184984,8.322780810296535,71.1089305355524,485904.6068096821
UG2045,Kapchorwa,Eastern,381.6490849799676,66.4288393891179,0.0,0.0,0.0,8.124145867763197,108332.01783938368
UG2046,Kapelebyong,Eastern,1201.566943291699,175.21493468504838,0.933082377538085,19.736358563181962,5.340855766383602,173.21722556665614,92508.13660809652
UG2047,Katakwi,Eastern,2429.006381868652,484.8258736394273,26.588979608379304,255.06113250833005,5.391050660982728,481.0333297168763,168403.22189734678
UG2048,Kibuku,Eastern,489.1054895370912,211.66127662626207,8.59065223671496,80.25509340893842,10.732805900856416,189.1879700032227,218189.30207367433
UG2049,Kumi,Eastern,1074.633793043542,406.0877928395811,16.54243676085025,147.05529026877065,12.217296562760191,397.1805623492336,267066.19289121724
UG2050,Kween,Eastern,789.562742474829,236.55112732724817,3.902356675826013,46.887894900515676,33.13460484182863,117.16512387028585,95157.42204158047
UG2051,Luuka,Eastern,649.6545441502778,17.576532091054265,0.0,0.0,0.9115609623309152,15.125669834540025,235570.61252342493
UG2052,Manafwa,Eastern,237.6597135998527,64.57564247859389,0.0,0.0,5.798105972223714,34.53935600843501,149947.16898572858
UG2053,Mayuge,Eastern,3382.665022542532,47.66526075941236,10.412190767863363,31.710700300471018,0.5761043345555663,28.810265951665738,498384.0540463218
UG2054,Mbale,Eastern,517.9943981131248,58.132221443494586,0.0,1.174829621255106,10.850941621219995,43.13434112552261,513341.5532025011
UG2055,Namayingo,Eastern,4667.646263844388,71.3535701337873,13.066093038537485,50.18428955934577,3.089116902090609,58.54000293289256,233075.53062246667
UG2056,Namisindwa,Eastern,299.661646078633,66.08165251536334,0.0,0.0,9.115582051803814,14.633787343340613,204601.0082056568
UG2057,Namutumba,Eastern,814.5362765179759,328.6394034464679,1.5493325144052505,56.43061999055904,10.142845654641004,281.31926464331065,267549.15298434155
UG2058,Ngora,Eastern,721.313295228038,225.2801248849607,20.861972455866635,185.50584148399386,5.072476882209965,218.84550915418157,144921.73602767993
UG2059,Pallisa,Eastern,859.2357056068844,297.86200001773364,18.05424554180354,119.62469669303255,11.202931286723299,280.00447547216993,290793.78818137205
UG2060,Serere,Eastern,1961.0996242943686,364.8098755355377,41.347589136101305,238.39754927949068,0.25816305354237556,351.7874311247183,309842.8712531141
UG2061,Sironko,Eastern,406.145014429264,26.432612420943585,1.3108673803508282,17.742112253529623,6.806815560804862,22.220985410011867,242645.5187629874
UG2062,Soroti,Eastern,1416.2262136100883,283.1799979834653,11.676228588446975,157.257008883116,2.86928912717849,276.51268044644416,318316.20228004176
UG2063,Tororo,Eastern,1191.698524897082,511.18333765806676,0.466824266128242,18.334489372062187,59.34037873206624,404.7212318191489,527969.5936817854
UG3064,Abim,Northern,2752.0242951120704,48.5435017137697,0.009922707453370094,1.6291297531047582,0.0,43.56677542985509,135488.85048745477
UG3065,Adjumani,Northern,3113.7008879883874,70.59226251856661,0.1784669505432248,7.575304753147066,2.239991977116933,65.28770064163734,211571.40490160906
UG3066,Agago,Northern,3513.655837118308,984.3582994738592,1.9645556611940265,43.57565309048503,17.807482306549655,943.3624482444981,217366.71338533936
UG3067,Alebtong,Northern,1555.773054660302,678.0303131554567,4.099238130263984,47.41542280670256,31.8015857358737,615.6227209570579,229013.48849935096
UG3068,Amolatar,Northern,1795.8941895608264,361.592607993775,73.94104809407145,317.5254209678693,0.00992873776704073,356.5784695457229,156823.34029492887
UG3069,Amudat,Northern,1632.1910949788148,128.98951028455414,0.06949463207274675,2.4323128229007125,14.299927797946422,121.83638137328421,123904.39964327114
UG3070,Amuru,Northern,3590.1471653069507,453.5288499535409,0.03966338559985161,2.0825058314949274,7.800304523738577,376.6131558116014,191137.9437799688
UG3071,Apac,Northern,1790.801742163431,633.1273184839088,13.215078524587785,160.75369199653903,22.886339548661134,608.4671159635608,194114.80142972528
UG3072,Arua,Northern,2319.2502989296063,277.27811588939716,0.0,0.009918838739395142,21.523203051309373,185.87447212323102,654642.8174280028
UG3073,Dokolo,Northern,1086.3544333622635,477.5028757269842,21.047456005588174,171.0173373256536,9.183631550520658,453.7747600431938,185752.91011126724
UG3074,Gulu,Northern,1871.5626516012906,512.9044481471619,1.5278648314997554,26.062813731841743,21.67951162416561,459.59999887597036,288199.6258631383
UG3075,Kaabong,Northern,4747.527460561229,74.98184775349264,0.5552390636876225,5.631694254465401,0.0,44.87158672927204,93068.5218586457
UG3076,Karenga,Northern,2549.1289975002073,68.08899277205414,0.0,0.00991290807723999,0.0,43.48286836352564,39002.35995639517
UG3077,Kitgum,Northern,4151.645069009672,1108.6270255191616,3.6591882994398475,92.62235675245597,116.87538859256927,1062.9869665846554,195197.34758309496
UG3078,Koboko,Northern,763.201717369222,90.70338661590701,0.0,0.0,3.6974576799783345,71.36161538086392,224242.66012628918
UG3079,Kole,Northern,1071.4715117208075,663.4225268795685,0.0,0.0,19.13915366302884,608.5470084844743,253257.36121729313
UG3080,Kotido,Northern,3630.7163538126506,264.1108978651318,0.0,0.0,0.0,254.19065817535724,186943.63008421045
UG3081,Kwania,Northern,1407.9521185763217,675.0660710039712,55.974044130906904,237.9058025441516,10.410048472077824,645.7688002786836,193004.80870401594
UG3082,Lamwo,Northern,5444.421995050172,532.0851423220124,5.721204722300172,93.28722296245762,1.810678851326891,500.8750712738062,123700.15044861287
UG3083,Lira,Northern,1322.2599059445379,869.7128895588187,5.9951816303655505,112.82263145410255,55.111254434747735,775.1670553184172,413359.5947690193
UG3084,Madi Okollo,Northern,2018.969927090428,28.807435481494988,0.05952302925288677,1.9933273276204573,2.36146975774318,23.703567081123737,140682.93571561124
UG3085,Maracha,Northern,439.1061871770625,127.66064320099994,0.0,0.0,0.8618994393805954,88.30509857509797,178141.78135368184
UG3086,Moroto,Northern,3542.3531338739663,80.0897985142747,0.0,0.009922868572175503,0.0,71.27996483669781,103480.10081131813
UG3087,Moyo,Northern,1041.0288678225602,9.507684550248086,0.892290873453021,6.146893666125834,0.43623032700270414,8.327932166866958,68067.23826908167
UG3088,Nabilatuk,Northern,1804.6212899581406,100.61096528931066,0.0,0.0,0.0,96.22709006713886,81894.59770341046
UG3089,Nakapiripirit,Northern,2378.7785508193288,153.23801922116283,0.0,0.0,0.03854872031393004,136.99523670184698,109796.73610254156
UG3090,Napak,Northern,4477.196418700104,233.31271139087485,0.8237991742789745,18.53037838637829,1.6567367658712993,224.80626531524914,140413.46900604086
UG3091,Nebbi,Northern,994.1822538485529,153.5718112939348,0.0,0.04962955042719841,3.441921020101975,130.60097014747706,250664.25355901176
UG3092,Nwoya,Northern,4736.760565819097,558.2382973936916,0.33737449384130097,2.8480369517470105,27.53796283341579,443.7927250704016,199681.55331459516
UG3093,Obongi,Northern,847.0475584993651,6.607778039267835,0.1487264782190323,4.432189550250769,0.06940949987620115,6.320229825070676,31557.16480274334
UG3094,Omoro,Northern,1555.9598342233828,563.9971821443891,0.16919695827014306,19.900052616464013,40.4602322378214,507.2435010449523,172829.50028137435
UG3095,Otuke,Northern,1649.914261016512,341.41415430855955,1.7169039398431778,33.613545523025095,30.941955936502886,326.30130776583275,117875.92168092346
UG3096,Oyam,Northern,2252.6386046530934,1198.8903326573802,14.748025535003228,242.02244487061148,45.7831585528329,1123.891944303097,399501.591177683
UG3097,Pader,Northern,3301.834862294429,1168.5448062564008,0.009918673895299435,0.6645519891753793,59.41901855931855,1080.4614270707664,176325.76884032052
UG3098,Pakwach,Northern,1038.5149143033784,33.69748565444321,2.780263406692036,18.484711765140005,7.541631745174527,31.49434675538511,154659.29935943274
UG3099,Yumbe,Northern,2327.6094805035555,126.13839988465986,0.0,0.0,2.4589012367650867,109.86861489910049,577496.6853420075
UG3100,Zombo,Northern,890.4475457399611,38.90034971343462,0.009924385696649551,1.756695859798906,2.455075637609059,9.71774539731662,244704.9492378161
UG4101,Buhweju,Western,687.1113090611186,11.319235907016576,0.0,0.0,0.0,1.7432025156002127,124909.00087917136
UG4102,Buliisa,Western,2027.0818645175796,4.310904391394819,0.04963751509785652,2.672774825530017,0.5486327589544303,3.8641431949156173,127957.55216743538
UG4103,Bundibugyo,Western,851.3300097486256,0.049660904332995415,0.0,0.0,0.0,0.03972872532904148,227469.4310796699
UG4104,Bunyangabu,Western,498.23720835366566,24.16789217833795,1.1422719554975629,17.43316012134447,8.576466045985182,9.046455127019069,168937.49029610504
UG4105,Bushenyi,Western,905.0971063939672,14.170530543640693,0.0,0.0,0.32243741250724767,2.921560675508398,220287.6357888272
UG4106,Hoima,Western,2647.979227122774,137.23481374017385,0.19858498591929674,11.602285227884412,8.230695694542545,68.70679408604755,342697.5627332396
UG4107,Ibanda,Western,965.5838974992034,31.579653316969967,0.0,1.761300118665631,4.329716171890351,6.494765714621719,239232.99282347388
UG4108,Isingiro,Western,2648.3295646568313,269.4869257949987,29.825675856358572,140.96530342685682,20.92527265911009,88.08560299568025,525081.934822643
UG4109,Kabale,Western,619.9213380725951,165.84879267708416,12.995610247705786,63.664634927318374,20.826112696108428,10.080470379273972,214815.57845917862
UG4110,Kabarole,Western,1311.5762122597944,20.565276621019137,0.5760826636105776,4.646054842659071,6.090475120318724,3.034968585301848,298068.101178235
UG4111,Kagadi,Western,1554.2483259385313,119.96219290236705,0.45684831868857145,7.001694635488093,12.500006301996901,37.11796482147685,422025.57974792883
UG4112,Kakumiro,Western,1667.321007953101,326.23172543930144,0.0,0.0,28.132986222401115,160.61671797507168,354467.55198910827
UG4113,Kamwenge,Western,1692.7512981871914,161.88310879430568,0.0,0.0,23.309431119054995,33.45223316002783,297661.82131660084
UG4114,Kanungu,Western,1325.2643049010212,22.71099488513508,0.0,0.0,2.8077799129391128,14.337410272825874,237659.96449766826
UG4115,Kasese,Western,3387.406747017604,151.31247122521495,1.668750706128776,54.274835863066656,18.836316837286393,98.93376055258673,691272.2315743414
UG4116,Kazo,Western,1556.2238817830048,27.433518396164562,0.09933025669306517,1.9587162333924104,5.0525654480263,6.241332730910211,182144.3712157728
UG4117,Kibaale,Western,1164.889592836618,84.31504182617601,0.0,0.0,7.215885672148536,19.735322330972437,167589.29971575132
UG4118,Kikuube,Western,2990.5029106335382,219.6603136097172,0.32772445026785135,33.250264105982346,12.404834650420382,81.49230073321172,295138.9000669984
UG4119,Kiruhura,Western,3043.402465378555,87.43856012752535,4.241211450658739,14.633645308923489,6.236427638767397,24.734337004062297,169704.14889509
UG4120,Kiryandongo,Western,3633.9430504762263,648.3861781399808,12.438493210822344,160.46363657526672,29.97032029181719,596.9580082289547,275762.8636527754
UG4121,Kisoro,Western,725.9582821760109,101.63891305697388,7.840062772179497,48.82226073003062,1.8871175529654411,39.35878896485722,277201.24649721297
UG4122,Kitagwenda,Western,715.5648767493155,32.090749826271306,6.46236558365179,24.838929145615182,5.145667045205539,18.223869183045977,157043.73671906188
UG4123,Kyegegwa,Western,1746.2552974275338,176.49198715500535,0.0,0.0,12.807387106441984,28.856946186578888,380122.7429617513
UG4124,Kyenjojo,Western,2345.9049680346952,116.6025361425152,0.0,0.0,19.95803592146612,19.63830686581193,457401.8407868901
UG4125,Masindi,Western,3922.789890332366,322.55516461036075,0.546123786829412,20.285440566949546,14.031612958671415,266.011268774694,299817.76277728693
UG4126,Mbarara,Western,1241.568578525663,64.8349125429148,0.23838586825877428,5.098528629716705,4.043355767118434,17.694087571080992,341104.1382819036
UG4127,Mitooma,Western,544.011362695475,10.530027025919772,0.0,0.0,0.9445740980041377,2.1132356264500642,170653.20572513997
UG4128,Ntoroko,Western,1402.3506799594636,1.1316381668781532,0.288009587675333,0.5065029747784138,0.039725701324641705,0.734938426874578,66002.39040193566
UG4129,Ntungamo,Western,2022.3253293158377,220.57114093129834,3.083568983963307,42.72157760412597,24.342757630556385,48.47082068855491,474957.50754100474
UG4130,Rubanda,Western,689.8282834557992,146.8169940281148,12.21783546382817,58.32855454726399,11.146310336171997,7.939485896422584,184964.54197685872
UG4131,Rubirizi,Western,1469.186524907578,9.152191148661807,3.202322453782693,8.725072522238627,0.7190708336986456,3.847540455830156,125210.25356621272
UG4132,Rukiga,Western,427.1033659906619,91.4965664042854,0.0,0.04007487322989048,8.13402373449256,11.46271340112549,94691.4248574231
UG4133,Rukungiri,Western,1529.2258196729179,32.82531065869273,0.08938753418624401,2.8702729772776365,3.5117680991287616,5.727606256550872,296279.2544841071
UG4134,Rwampara,Western,574.6718993054523,11.525282340690346,0.0,0.0,1.0146216764607852,2.5097602397824326,126054.32272646947
UG4135,Sheema,Western,699.068846234642,25.488797628788245,0.0,0.0,3.3905804795596532,8.529396531186705,195468.12838929804
